Data;Produkt;Przychód;Koszt
25.03.2025;Banany;3 564,00 zł;1 746,40 zł
15.02.2025;Gruszki;10 688,00 zł;5 237,10 zł
31.05.2025;Banany;5 045,00 zł;3 329,70 zł
2.10.2025;Marchew;6 546,00 zł;4 385,80 zł
15.11.2025;Banany;7 362,00 zł;4 417,20 zł
14.04.2025;Ziemniaki;8 336,00 zł;6 252,00 zł
31.01.2025;Pomarańcze;8 523,00 zł;4 602,40 zł
26.08.2025;Banany;10 052,00 zł;4 221,80 zł
9.04.2025;Marchew;5 963,00 zł;3 697,10 zł
10.07.2025;Ziemniaki;9 340,00 zł;6 631,40 zł
30.03.2025;Marchew;7 681,00 zł;4 685,40 zł
28.02.2025;Marchew;5 603,00 zł;2 577,40 zł
21.10.2025;Jabłka;10 723,00 zł;5 576,00 zł
21.12.2025;Ziemniaki;11 342,00 zł;8 393,10 zł
25.01.2025;Gruszki;6 327,00 zł;4 492,20 zł
21.05.2025;Banany;3 422,00 zł;2 121,60 zł
24.01.2025;Ziemniaki;11 408,00 zł;6 388,50 zł
17.10.2025;Ziemniaki;9 904,00 zł;7 923,20 zł
26.11.2025;Pomidory;9 922,00 zł;7 937,60 zł
12.03.2025;Marchew;10 962,00 zł;7 454,20 zł
13.11.2025;Banany;9 546,00 zł;4 773,00 zł
17.09.2025;Pomidory;3 633,00 zł;2 652,10 zł
29.09.2025;Marchew;3 106,00 zł;1 304,50 zł
31.07.2025;Marchew;8 329,00 zł;2 831,90 zł
29.03.2025;Ziemniaki;11 549,00 zł;5 659,00 zł
26.09.2025;Pomidory;1 794,00 zł;968,80 zł
18.05.2025;Ziemniaki;4 970,00 zł;1 888,60 zł
27.01.2025;Gruszki;9 470,00 zł;4 735,00 zł
13.08.2025;Jabłka;4 183,00 zł;3 179,10 zł
21.03.2025;Pomidory;2 239,00 zł;783,70 zł
27.04.2025;Jabłka;5 773,00 zł;1 905,10 zł
4.03.2025;Marchew;1 425,00 zł;641,30 zł
2.04.2025;Marchew;6 273,00 zł;4 955,70 zł
21.04.2025;Banany;10 785,00 zł;7 010,30 zł
23.06.2025;Marchew;3 550,00 zł;1 704,00 zł
11.07.2025;Banany;11 389,00 zł;6 833,40 zł
14.07.2025;Banany;3 090,00 zł;1 915,80 zł
12.05.2025;Gruszki;9 718,00 zł;3 887,20 zł
3.11.2025;Banany;2 229,00 zł;735,60 zł
12.11.2025;Pomidory;1 533,00 zł;1 195,70 zł
30.08.2025;Jabłka;5 876,00 zł;3 466,80 zł
18.03.2025;Ziemniaki;11 805,00 zł;4 840,10 zł
25.02.2025;Gruszki;1 339,00 zł;468,70 zł
31.01.2025;Jabłka;7 366,00 zł;3 609,30 zł
9.01.2025;Pomidory;6 269,00 zł;2 821,10 zł
28.04.2025;Marchew;7 009,00 zł;3 013,90 zł
12.11.2025;Banany;11 704,00 zł;8 075,80 zł
25.06.2025;Marchew;8 154,00 zł;3 424,70 zł
26.07.2025;Banany;6 391,00 zł;3 515,10 zł
25.10.2025;Ziemniaki;9 405,00 zł;6 207,30 zł
2.11.2025;Ziemniaki;2 918,00 zł;1 108,80 zł
21.06.2025;Pomidory;1 840,00 zł;975,20 zł
15.04.2025;Jabłka;11 774,00 zł;6 358,00 zł
18.10.2025;Banany;8 223,00 zł;5 180,50 zł
19.06.2025;Gruszki;10 864,00 zł;3 802,40 zł
3.08.2025;Marchew;1 920,00 zł;710,40 zł
5.06.2025;Pomidory;2 618,00 zł;1 413,70 zł
12.07.2025;Ziemniaki;4 265,00 zł;3 198,80 zł
15.05.2025;Marchew;10 310,00 zł;5 979,80 zł
23.02.2025;Gruszki;7 067,00 zł;2 685,50 zł
5.03.2025;Banany;11 061,00 zł;6 636,60 zł
30.09.2025;Jabłka;11 065,00 zł;4 979,30 zł
13.11.2025;Ziemniaki;657,00 zł;427,10 zł
11.06.2025;Pomidory;4 218,00 zł;3 037,00 zł
25.05.2025;Pomidory;7 264,00 zł;4 067,80 zł
2.05.2025;Gruszki;2 903,00 zł;2 235,30 zł
2.02.2025;Jabłka;2 276,00 zł;682,80 zł
2.02.2025;Banany;11 605,00 zł;7 427,20 zł
9.04.2025;Pomidory;4 410,00 zł;2 822,40 zł
25.05.2025;Marchew;7 452,00 zł;3 278,90 zł
20.10.2025;Jabłka;4 315,00 zł;2 804,80 zł
5.11.2025;Marchew;4 848,00 zł;1 842,20 zł
26.03.2025;Jabłka;8 353,00 zł;4 343,60 zł
6.05.2025;Banany;1 554,00 zł;823,60 zł
6.10.2025;Banany;7 840,00 zł;4 547,20 zł
12.09.2025;Jabłka;2 165,00 zł;1 667,10 zł
13.11.2025;Ziemniaki;3 207,00 zł;1 507,30 zł
1.03.2025;Jabłka;5 816,00 zł;3 547,80 zł
22.01.2025;Banany;5 268,00 zł;3 898,30 zł
17.10.2025;Gruszki;9 001,00 zł;3 510,40 zł
15.10.2025;Ziemniaki;1 781,00 zł;569,90 zł
6.03.2025;Jabłka;762,00 zł;449,60 zł
13.04.2025;Gruszki;815,00 zł;423,80 zł
2.08.2025;Pomidory;5 993,00 zł;3 835,50 zł
27.11.2025;Gruszki;8 996,00 zł;5 217,70 zł
23.10.2025;Ziemniaki;8 237,00 zł;6 177,80 zł
15.01.2025;Jabłka;11 564,00 zł;6 822,80 zł
29.10.2025;Gruszki;2 693,00 zł;1 023,30 zł
26.09.2025;Marchew;5 072,00 zł;2 231,70 zł
11.05.2025;Jabłka;11 392,00 zł;6 379,50 zł
29.01.2025;Jabłka;7 084,00 zł;3 471,20 zł
5.08.2025;Pomarańcze;4 188,00 zł;1 591,40 zł
28.08.2025;Gruszki;6 663,00 zł;2 598,60 zł
28.10.2025;Marchew;7 329,00 zł;3 957,70 zł
2.11.2025;Banany;7 783,00 zł;5 214,60 zł
17.04.2025;Ziemniaki;1 095,00 zł;668,00 zł
30.06.2025;Marchew;10 350,00 zł;8 176,50 zł
15.08.2025;Banany;7 703,00 zł;4 544,80 zł
14.06.2025;Banany;7 564,00 zł;5 597,40 zł
28.09.2025;Marchew;2 818,00 zł;1 127,20 zł
13.12.2025;Jabłka;7 782,00 zł;5 914,30 zł
3.07.2025;Ziemniaki;10 980,00 zł;6 697,80 zł
9.07.2025;Ziemniaki;4 011,00 zł;1 564,30 zł
15.06.2025;Pomidory;704,00 zł;337,90 zł
1.01.2025;Gruszki;7 671,00 zł;6 136,80 zł
30.10.2025;Jabłka;9 572,00 zł;7 561,90 zł
5.08.2025;Ziemniaki;7 119,00 zł;2 562,80 zł
24.04.2025;Marchew;1 487,00 zł;505,60 zł
4.07.2025;Pomidory;9 909,00 zł;6 440,90 zł
23.01.2025;Pomarańcze;5 012,00 zł;1 553,70 zł
2.02.2025;Marchew;5 280,00 zł;4 012,80 zł
25.04.2025;Pomarańcze;8 106,00 zł;5 431,00 zł
23.07.2025;Banany;7 935,00 zł;3 094,70 zł
2.07.2025;Marchew;10 526,00 zł;3 894,60 zł
1.04.2025;Banany;11 730,00 zł;4 457,40 zł
22.09.2025;Pomarańcze;10 825,00 zł;5 087,80 zł
5.02.2025;Gruszki;10 393,00 zł;5 716,20 zł
19.04.2025;Ziemniaki;1 251,00 zł;537,90 zł
16.10.2025;Jabłka;3 218,00 zł;1 737,70 zł
4.09.2025;Ziemniaki;8 108,00 zł;3 000,00 zł
30.09.2025;Marchew;4 379,00 zł;2 715,00 zł
31.08.2025;Gruszki;6 227,00 zł;4 545,70 zł
8.05.2025;Banany;5 173,00 zł;2 327,90 zł
9.12.2025;Jabłka;9 250,00 zł;2 960,00 zł
28.08.2025;Pomarańcze;759,00 zł;371,90 zł
9.06.2025;Marchew;3 870,00 zł;2 438,10 zł
30.04.2025;Jabłka;3 459,00 zł;1 937,00 zł
1.11.2025;Pomarańcze;4 875,00 zł;2 193,80 zł
28.05.2025;Ziemniaki;8 060,00 zł;5 077,80 zł
16.12.2025;Pomarańcze;1 057,00 zł;697,60 zł
27.07.2025;Banany;11 218,00 zł;4 038,50 zł
15.02.2025;Jabłka;9 240,00 zł;5 359,20 zł
6.04.2025;Banany;6 577,00 zł;2 236,20 zł
8.02.2025;Banany;847,00 zł;567,50 zł
18.07.2025;Marchew;2 164,00 zł;1 276,80 zł
14.10.2025;Pomarańcze;11 829,00 zł;5 559,60 zł
19.08.2025;Gruszki;8 549,00 zł;5 984,30 zł
31.08.2025;Jabłka;8 087,00 zł;2 668,70 zł
19.11.2025;Pomarańcze;8 316,00 zł;3 908,50 zł
13.08.2025;Pomarańcze;5 459,00 zł;3 930,50 zł
30.08.2025;Jabłka;664,00 zł;425,00 zł
6.11.2025;Gruszki;10 457,00 zł;3 660,00 zł
15.04.2025;Pomidory;7 800,00 zł;3 900,00 zł
28.12.2025;Gruszki;7 130,00 zł;4 278,00 zł
8.12.2025;Gruszki;7 274,00 zł;5 164,50 zł
17.03.2025;Pomidory;7 156,00 zł;4 365,20 zł
23.09.2025;Banany;6 501,00 zł;4 290,70 zł
1.03.2025;Marchew;5 651,00 zł;2 712,50 zł
11.04.2025;Banany;9 597,00 zł;4 510,60 zł
15.06.2025;Jabłka;3 286,00 zł;2 201,60 zł
7.03.2025;Ziemniaki;4 108,00 zł;3 245,30 zł
1.08.2025;Pomidory;5 221,00 zł;1 670,70 zł
19.07.2025;Gruszki;7 316,00 zł;4 389,60 zł
16.10.2025;Gruszki;2 099,00 zł;776,60 zł
12.10.2025;Pomarańcze;11 995,00 zł;6 237,40 zł
29.11.2025;Ziemniaki;3 457,00 zł;1 348,20 zł
28.11.2025;Marchew;6 938,00 zł;4 579,10 zł
20.06.2025;Gruszki;6 129,00 zł;4 106,40 zł
31.03.2025;Pomarańcze;6 405,00 zł;4 163,30 zł
29.09.2025;Ziemniaki;6 456,00 zł;4 131,80 zł
29.01.2025;Pomidory;3 046,00 zł;2 406,30 zł
10.12.2025;Gruszki;10 144,00 zł;7 810,90 zł
23.11.2025;Ziemniaki;8 752,00 zł;5 076,20 zł
7.01.2025;Gruszki;10 139,00 zł;5 982,00 zł
2.08.2025;Banany;7 010,00 zł;3 014,30 zł
16.09.2025;Jabłka;8 223,00 zł;3 864,80 zł
29.08.2025;Marchew;5 872,00 zł;3 993,00 zł
7.06.2025;Jabłka;10 594,00 zł;8 369,30 zł
19.03.2025;Banany;2 742,00 zł;1 096,80 zł
29.11.2025;Pomidory;8 168,00 zł;3 839,00 zł
4.10.2025;Ziemniaki;9 297,00 zł;3 997,70 zł
15.01.2025;Pomidory;4 933,00 zł;2 515,80 zł
22.10.2025;Marchew;10 212,00 zł;5 514,50 zł
24.06.2025;Jabłka;4 699,00 zł;1 456,70 zł
21.09.2025;Pomarańcze;4 941,00 zł;3 508,10 zł
9.10.2025;Marchew;4 542,00 zł;2 361,80 zł
11.02.2025;Jabłka;4 993,00 zł;2 696,20 zł
18.12.2025;Marchew;1 372,00 zł;987,80 zł
26.05.2025;Pomidory;5 523,00 zł;2 098,70 zł
16.06.2025;Pomarańcze;10 732,00 zł;7 834,40 zł
4.10.2025;Pomarańcze;4 833,00 zł;2 609,80 zł
13.02.2025;Marchew;7 596,00 zł;2 278,80 zł
29.05.2025;Pomidory;2 188,00 zł;1 531,60 zł
28.01.2025;Pomidory;10 733,00 zł;7 727,80 zł
5.08.2025;Jabłka;7 776,00 zł;5 832,00 zł
16.05.2025;Gruszki;4 028,00 zł;2 658,50 zł
23.10.2025;Pomarańcze;539,00 zł;291,10 zł
13.12.2025;Ziemniaki;1 088,00 zł;641,90 zł
17.08.2025;Banany;6 817,00 zł;4 771,90 zł
24.04.2025;Pomarańcze;731,00 zł;329,00 zł
26.04.2025;Pomarańcze;5 332,00 zł;2 239,40 zł
4.10.2025;Marchew;1 158,00 zł;521,10 zł
17.03.2025;Gruszki;6 863,00 zł;5 284,50 zł
22.03.2025;Jabłka;6 152,00 zł;4 491,00 zł
9.04.2025;Pomidory;5 877,00 zł;3 643,70 zł
16.10.2025;Ziemniaki;6 700,00 zł;4 958,00 zł
25.02.2025;Pomidory;8 857,00 zł;6 111,30 zł
15.09.2025;Gruszki;3 362,00 zł;2 185,30 zł
20.09.2025;Gruszki;10 647,00 zł;4 365,30 zł
2.01.2025;Gruszki;1 860,00 zł;930,00 zł
18.07.2025;Banany;8 607,00 zł;4 647,80 zł
31.07.2025;Banany;9 737,00 zł;4 089,50 zł
5.08.2025;Ziemniaki;1 854,00 zł;1 056,80 zł
14.12.2025;Ziemniaki;8 214,00 zł;3 532,00 zł
5.03.2025;Pomidory;755,00 zł;604,00 zł
3.02.2025;Pomidory;8 046,00 zł;5 712,70 zł
27.09.2025;Ziemniaki;8 627,00 zł;6 125,20 zł
9.12.2025;Gruszki;10 227,00 zł;5 931,70 zł
20.02.2025;Gruszki;9 608,00 zł;6 821,70 zł
14.07.2025;Gruszki;7 746,00 zł;4 415,20 zł
17.10.2025;Pomarańcze;11 528,00 zł;8 300,20 zł
16.07.2025;Banany;11 050,00 zł;5 635,50 zł
7.03.2025;Banany;8 191,00 zł;5 733,70 zł
1.06.2025;Gruszki;4 606,00 zł;2 993,90 zł
8.05.2025;Jabłka;2 184,00 zł;1 288,60 zł
1.02.2025;Gruszki;5 906,00 zł;3 366,40 zł
23.01.2025;Banany;11 385,00 zł;8 880,30 zł
24.12.2025;Banany;1 474,00 zł;692,80 zł
13.04.2025;Pomidory;2 034,00 zł;1 118,70 zł
21.10.2025;Pomarańcze;8 120,00 zł;3 897,60 zł
22.04.2025;Banany;4 723,00 zł;1 842,00 zł
12.11.2025;Pomarańcze;8 435,00 zł;6 495,00 zł
15.07.2025;Gruszki;8 285,00 zł;3 231,20 zł
13.01.2025;Pomidory;1 189,00 zł;725,30 zł
7.08.2025;Jabłka;5 350,00 zł;2 140,00 zł
9.09.2025;Marchew;2 116,00 zł;1 544,70 zł
4.04.2025;Banany;7 090,00 zł;4 183,10 zł
23.08.2025;Pomarańcze;1 967,00 zł;1 219,50 zł
13.12.2025;Banany;9 656,00 zł;7 531,70 zł
26.12.2025;Gruszki;5 422,00 zł;3 415,90 zł
13.04.2025;Marchew;10 809,00 zł;5 945,00 zł
24.10.2025;Gruszki;1 622,00 zł;616,40 zł
3.08.2025;Jabłka;6 812,00 zł;3 542,20 zł
3.11.2025;Pomidory;11 694,00 zł;3 742,10 zł
27.01.2025;Jabłka;8 472,00 zł;2 965,20 zł
7.11.2025;Gruszki;5 787,00 zł;2 777,80 zł
19.03.2025;Ziemniaki;5 062,00 zł;3 239,70 zł
22.10.2025;Ziemniaki;11 089,00 zł;4 435,60 zł
20.02.2025;Banany;9 046,00 zł;2 804,30 zł
12.03.2025;Gruszki;3 039,00 zł;1 124,40 zł
24.02.2025;Banany;7 011,00 zł;2 524,00 zł
28.09.2025;Gruszki;6 749,00 zł;2 362,20 zł
1.11.2025;Marchew;4 457,00 zł;2 540,50 zł
29.12.2025;Pomidory;788,00 zł;354,60 zł
3.02.2025;Ziemniaki;10 863,00 zł;5 540,10 zł
24.08.2025;Jabłka;1 120,00 zł;347,20 zł
23.05.2025;Pomidory;3 390,00 zł;2 067,90 zł
26.12.2025;Jabłka;11 462,00 zł;6 648,00 zł
7.08.2025;Gruszki;5 585,00 zł;2 066,50 zł
9.03.2025;Pomarańcze;4 999,00 zł;3 049,40 zł
29.09.2025;Pomidory;1 864,00 zł;820,20 zł
13.05.2025;Ziemniaki;2 920,00 zł;1 109,60 zł
1.02.2025;Marchew;563,00 zł;197,10 zł
24.12.2025;Gruszki;4 468,00 zł;3 485,00 zł
4.08.2025;Banany;8 938,00 zł;4 558,40 zł
18.09.2025;Banany;9 397,00 zł;4 604,50 zł
5.07.2025;Ziemniaki;11 035,00 zł;4 524,40 zł
11.07.2025;Jabłka;534,00 zł;384,50 zł
24.01.2025;Jabłka;7 660,00 zł;3 983,20 zł
30.09.2025;Pomarańcze;3 490,00 zł;1 186,60 zł
2.04.2025;Marchew;3 744,00 zł;2 733,10 zł
11.02.2025;Ziemniaki;8 818,00 zł;6 966,20 zł
24.09.2025;Marchew;1 475,00 zł;575,30 zł
23.05.2025;Jabłka;7 917,00 zł;3 721,00 zł
12.02.2025;Gruszki;10 445,00 zł;7 833,80 zł
13.07.2025;Marchew;9 556,00 zł;3 057,90 zł
5.03.2025;Banany;9 196,00 zł;5 149,80 zł
7.11.2025;Gruszki;1 508,00 zł;1 085,80 zł
3.02.2025;Gruszki;10 020,00 zł;6 513,00 zł
18.01.2025;Banany;9 029,00 zł;3 250,40 zł
22.09.2025;Ziemniaki;11 278,00 zł;7 894,60 zł
4.03.2025;Jabłka;9 867,00 zł;7 104,20 zł
26.06.2025;Pomarańcze;9 128,00 zł;6 207,00 zł
13.07.2025;Banany;8 423,00 zł;4 885,30 zł
4.02.2025;Gruszki;9 459,00 zł;3 121,50 zł
4.06.2025;Pomarańcze;3 267,00 zł;2 548,30 zł
28.01.2025;Marchew;3 649,00 zł;1 934,00 zł
29.11.2025;Ziemniaki;3 827,00 zł;2 946,80 zł
31.05.2025;Marchew;11 560,00 zł;7 398,40 zł
12.10.2025;Pomidory;2 659,00 zł;1 967,70 zł
6.10.2025;Pomidory;889,00 zł;489,00 zł
18.10.2025;Gruszki;5 312,00 zł;2 071,70 zł
4.02.2025;Banany;2 450,00 zł;1 568,00 zł
16.02.2025;Marchew;3 046,00 zł;1 096,60 zł
23.06.2025;Pomidory;1 706,00 zł;597,10 zł
29.07.2025;Jabłka;7 143,00 zł;4 643,00 zł
3.01.2025;Jabłka;2 683,00 zł;1 100,00 zł
10.03.2025;Jabłka;6 853,00 zł;2 467,10 zł
18.03.2025;Banany;2 524,00 zł;1 463,90 zł
10.04.2025;Jabłka;9 364,00 zł;5 337,50 zł
16.10.2025;Gruszki;5 871,00 zł;3 111,60 zł
20.04.2025;Marchew;5 178,00 zł;3 883,50 zł
27.01.2025;Pomidory;1 826,00 zł;1 442,50 zł
14.08.2025;Ziemniaki;7 232,00 zł;2 314,20 zł
4.11.2025;Pomarańcze;770,00 zł;508,20 zł
22.09.2025;Gruszki;10 671,00 zł;8 536,80 zł
15.03.2025;Marchew;5 271,00 zł;3 953,30 zł
13.01.2025;Pomarańcze;5 228,00 zł;2 195,80 zł
22.01.2025;Marchew;9 684,00 zł;4 745,20 zł
22.06.2025;Gruszki;5 494,00 zł;2 252,50 zł
5.08.2025;Pomidory;542,00 zł;411,90 zł
2.11.2025;Marchew;6 326,00 zł;2 783,40 zł
25.06.2025;Jabłka;1 810,00 zł;1 321,30 zł
17.06.2025;Jabłka;1 369,00 zł;520,20 zł
8.01.2025;Ziemniaki;11 098,00 zł;6 658,80 zł
13.02.2025;Gruszki;6 699,00 zł;2 076,70 zł
3.12.2025;Ziemniaki;8 367,00 zł;5 020,20 zł
29.06.2025;Marchew;1 989,00 zł;1 452,00 zł
3.10.2025;Pomarańcze;1 675,00 zł;921,30 zł
14.08.2025;Pomidory;7 977,00 zł;2 552,60 zł
23.06.2025;Banany;8 418,00 zł;3 703,90 zł
31.08.2025;Gruszki;11 794,00 zł;5 661,10 zł
12.01.2025;Jabłka;5 148,00 zł;3 397,70 zł
12.06.2025;Gruszki;4 064,00 zł;1 788,20 zł
21.07.2025;Banany;4 960,00 zł;2 926,40 zł
11.07.2025;Jabłka;3 666,00 zł;2 749,50 zł
20.07.2025;Gruszki;8 643,00 zł;4 148,60 zł
18.03.2025;Jabłka;11 029,00 zł;5 624,80 zł
28.01.2025;Pomarańcze;4 344,00 zł;1 477,00 zł
14.02.2025;Ziemniaki;9 426,00 zł;6 881,00 zł
16.01.2025;Pomidory;8 204,00 zł;4 512,20 zł
16.07.2025;Pomidory;6 958,00 zł;2 157,00 zł
4.05.2025;Gruszki;6 316,00 zł;2 715,90 zł
15.08.2025;Banany;11 297,00 zł;5 648,50 zł
8.10.2025;Ziemniaki;7 915,00 zł;5 065,60 zł
2.11.2025;Marchew;4 611,00 zł;1 890,50 zł
7.08.2025;Jabłka;1 757,00 zł;1 370,50 zł
16.09.2025;Gruszki;7 621,00 zł;4 344,00 zł
3.08.2025;Jabłka;6 871,00 zł;2 748,40 zł
25.08.2025;Jabłka;2 134,00 zł;1 045,70 zł
20.03.2025;Banany;4 836,00 zł;2 272,90 zł
9.09.2025;Banany;8 541,00 zł;3 416,40 zł
24.08.2025;Banany;5 632,00 zł;4 055,00 zł
10.10.2025;Pomidory;8 217,00 zł;6 327,10 zł
2.06.2025;Ziemniaki;2 435,00 zł;1 339,30 zł
18.08.2025;Marchew;2 828,00 zł;1 753,40 zł
21.12.2025;Pomarańcze;8 391,00 zł;5 538,10 zł
2.05.2025;Ziemniaki;5 535,00 zł;3 597,80 zł
24.03.2025;Pomarańcze;9 558,00 zł;7 359,70 zł
31.12.2025;Jabłka;3 546,00 zł;2 127,60 zł
16.10.2025;Ziemniaki;7 801,00 zł;4 992,60 zł
27.10.2025;Gruszki;3 860,00 zł;1 158,00 zł
29.11.2025;Banany;10 367,00 zł;4 872,50 zł
2.05.2025;Pomarańcze;1 099,00 zł;483,60 zł
1.04.2025;Marchew;2 814,00 zł;1 069,30 zł
17.12.2025;Jabłka;605,00 zł;393,30 zł
13.06.2025;Pomarańcze;7 423,00 zł;4 453,80 zł
14.07.2025;Pomarańcze;8 143,00 zł;2 931,50 zł
21.11.2025;Gruszki;10 239,00 zł;7 269,70 zł
22.08.2025;Banany;1 858,00 zł;650,30 zł
25.11.2025;Marchew;9 120,00 zł;6 840,00 zł
5.04.2025;Pomarańcze;2 316,00 zł;1 065,40 zł
12.12.2025;Ziemniaki;6 731,00 zł;2 019,30 zł
5.09.2025;Jabłka;9 894,00 zł;5 837,50 zł
10.02.2025;Pomarańcze;4 305,00 zł;2 626,10 zł
9.09.2025;Jabłka;8 209,00 zł;3 694,10 zł
31.05.2025;Ziemniaki;533,00 zł;405,10 zł
15.08.2025;Marchew;10 141,00 zł;7 605,80 zł
20.04.2025;Gruszki;7 275,00 zł;5 165,30 zł
6.10.2025;Pomidory;5 634,00 zł;2 648,00 zł
16.06.2025;Marchew;1 307,00 zł;718,90 zł
7.07.2025;Jabłka;9 645,00 zł;2 990,00 zł
22.10.2025;Jabłka;9 384,00 zł;5 442,70 zł
5.04.2025;Gruszki;6 283,00 zł;2 827,40 zł
5.09.2025;Banany;9 369,00 zł;5 902,50 zł
20.07.2025;Gruszki;9 889,00 zł;7 614,50 zł
29.12.2025;Ziemniaki;6 338,00 zł;2 788,70 zł
1.11.2025;Marchew;9 524,00 zł;5 333,40 zł
31.08.2025;Marchew;7 812,00 zł;4 140,40 zł
30.05.2025;Gruszki;10 942,00 zł;8 425,30 zł
23.03.2025;Marchew;7 229,00 zł;4 192,80 zł
20.12.2025;Pomarańcze;9 282,00 zł;6 497,40 zł
29.08.2025;Banany;10 145,00 zł;6 492,80 zł
4.02.2025;Pomidory;9 728,00 zł;5 739,50 zł
11.10.2025;Gruszki;2 090,00 zł;1 651,10 zł
24.02.2025;Banany;9 448,00 zł;3 401,30 zł
29.08.2025;Pomarańcze;8 472,00 zł;6 692,90 zł
4.05.2025;Pomarańcze;7 350,00 zł;2 719,50 zł
16.12.2025;Pomidory;8 337,00 zł;6 502,90 zł
27.10.2025;Marchew;10 625,00 zł;6 693,80 zł
19.04.2025;Banany;9 257,00 zł;6 294,80 zł
23.05.2025;Jabłka;4 258,00 zł;3 406,40 zł
27.04.2025;Marchew;9 094,00 zł;7 002,40 zł
1.09.2025;Pomidory;10 716,00 zł;6 215,30 zł
10.04.2025;Gruszki;9 248,00 zł;2 866,90 zł
12.10.2025;Gruszki;4 514,00 zł;1 489,60 zł
15.11.2025;Banany;4 388,00 zł;2 588,90 zł
4.08.2025;Ziemniaki;7 761,00 zł;4 113,30 zł
3.01.2025;Marchew;8 622,00 zł;5 690,50 zł
12.05.2025;Marchew;11 414,00 zł;7 419,10 zł
24.01.2025;Marchew;9 222,00 zł;5 625,40 zł
3.09.2025;Gruszki;1 218,00 zł;548,10 zł
28.02.2025;Gruszki;2 389,00 zł;1 481,20 zł
26.09.2025;Pomarańcze;3 099,00 zł;1 332,60 zł
18.07.2025;Ziemniaki;8 260,00 zł;2 808,40 zł
29.04.2025;Marchew;5 813,00 zł;1 743,90 zł
7.10.2025;Ziemniaki;1 499,00 zł;1 199,20 zł
17.02.2025;Pomidory;8 430,00 zł;6 575,40 zł
12.12.2025;Pomarańcze;4 660,00 zł;1 770,80 zł
21.06.2025;Marchew;6 161,00 zł;2 279,60 zł
11.07.2025;Gruszki;2 698,00 zł;1 807,70 zł
24.01.2025;Ziemniaki;11 945,00 zł;9 078,20 zł
2.02.2025;Pomarańcze;10 051,00 zł;7 538,30 zł
23.09.2025;Gruszki;7 623,00 zł;4 116,40 zł
2.08.2025;Pomidory;802,00 zł;497,20 zł
22.03.2025;Pomarańcze;4 274,00 zł;3 034,50 zł
25.03.2025;Jabłka;11 442,00 zł;6 636,40 zł
1.01.2025;Pomarańcze;10 110,00 zł;5 257,20 zł
4.05.2025;Pomidory;7 976,00 zł;2 791,60 zł
13.05.2025;Jabłka;7 693,00 zł;5 692,80 zł
7.10.2025;Pomidory;11 674,00 zł;5 486,80 zł
7.08.2025;Pomidory;10 028,00 zł;3 309,20 zł
9.08.2025;Pomidory;3 547,00 zł;2 837,60 zł
18.11.2025;Marchew;5 876,00 zł;2 526,70 zł
20.07.2025;Ziemniaki;4 527,00 zł;3 304,70 zł
7.12.2025;Marchew;8 585,00 zł;3 949,10 zł
21.09.2025;Ziemniaki;2 655,00 zł;955,80 zł
23.10.2025;Marchew;8 007,00 zł;4 483,90 zł
11.03.2025;Gruszki;7 840,00 zł;4 233,60 zł
13.11.2025;Banany;650,00 zł;481,00 zł
17.01.2025;Ziemniaki;11 164,00 zł;5 470,40 zł
25.08.2025;Marchew;1 299,00 zł;883,30 zł
27.03.2025;Marchew;1 125,00 zł;528,80 zł
3.09.2025;Gruszki;2 095,00 zł;1 173,20 zł
25.08.2025;Pomarańcze;6 306,00 zł;4 351,10 zł
20.06.2025;Marchew;5 704,00 zł;4 506,20 zł
25.03.2025;Marchew;6 195,00 zł;2 911,70 zł
12.09.2025;Jabłka;7 081,00 zł;3 115,60 zł
18.06.2025;Jabłka;2 424,00 zł;1 090,80 zł
23.06.2025;Marchew;1 698,00 zł;662,20 zł
21.02.2025;Jabłka;5 369,00 zł;2 362,40 zł
8.11.2025;Jabłka;10 423,00 zł;6 670,70 zł
17.01.2025;Banany;6 586,00 zł;2 107,50 zł
22.12.2025;Pomidory;11 770,00 zł;3 531,00 zł
28.07.2025;Pomidory;7 272,00 zł;2 836,10 zł
18.03.2025;Pomidory;6 718,00 zł;4 702,60 zł
27.09.2025;Gruszki;8 619,00 zł;6 895,20 zł
23.07.2025;Jabłka;9 896,00 zł;4 849,00 zł
7.02.2025;Jabłka;1 913,00 zł;937,40 zł
21.09.2025;Pomidory;6 953,00 zł;2 920,30 zł
28.02.2025;Jabłka;6 406,00 zł;3 010,80 zł
12.01.2025;Pomarańcze;6 644,00 zł;2 126,10 zł
25.10.2025;Pomarańcze;8 452,00 zł;6 000,90 zł
16.02.2025;Banany;6 674,00 zł;3 337,00 zł
27.12.2025;Pomarańcze;3 396,00 zł;2 581,00 zł
28.08.2025;Gruszki;11 153,00 zł;8 699,30 zł
1.12.2025;Jabłka;5 022,00 zł;3 716,30 zł
3.06.2025;Marchew;7 659,00 zł;2 450,90 zł
30.03.2025;Pomidory;8 611,00 zł;2 927,70 zł
4.09.2025;Pomidory;4 819,00 zł;3 421,50 zł
17.06.2025;Banany;7 446,00 zł;3 127,30 zł
6.11.2025;Pomarańcze;8 343,00 zł;6 591,00 zł
4.03.2025;Pomarańcze;7 231,00 zł;3 326,30 zł
11.05.2025;Ziemniaki;2 952,00 zł;1 357,90 zł
14.01.2025;Pomidory;7 436,00 zł;4 238,50 zł
19.05.2025;Ziemniaki;931,00 zł;428,30 zł
25.08.2025;Marchew;4 124,00 zł;2 928,00 zł
19.02.2025;Pomidory;8 584,00 zł;4 549,50 zł
3.09.2025;Gruszki;10 257,00 zł;7 282,50 zł
6.07.2025;Jabłka;10 479,00 zł;5 553,90 zł
2.01.2025;Pomarańcze;2 606,00 zł;1 928,40 zł
13.08.2025;Banany;6 169,00 zł;1 912,40 zł
26.07.2025;Pomidory;4 601,00 zł;3 542,80 zł
7.11.2025;Jabłka;4 129,00 zł;3 138,00 zł
9.10.2025;Pomidory;3 426,00 zł;1 438,90 zł
29.09.2025;Pomidory;8 182,00 zł;2 863,70 zł
15.05.2025;Ziemniaki;10 914,00 zł;6 875,80 zł
2.03.2025;Pomarańcze;5 821,00 zł;2 037,40 zł
1.12.2025;Marchew;9 883,00 zł;6 522,80 zł
19.08.2025;Pomidory;4 441,00 zł;2 531,40 zł
27.07.2025;Pomidory;7 229,00 zł;4 771,10 zł
30.08.2025;Pomarańcze;587,00 zł;317,00 zł
12.12.2025;Gruszki;10 702,00 zł;4 173,80 zł
5.01.2025;Jabłka;2 660,00 zł;1 755,60 zł
1.05.2025;Pomarańcze;2 743,00 zł;1 810,40 zł
1.06.2025;Pomarańcze;4 664,00 zł;2 705,10 zł
26.07.2025;Jabłka;8 512,00 zł;4 341,10 zł
10.04.2025;Banany;11 366,00 zł;7 046,90 zł
25.09.2025;Gruszki;4 466,00 zł;2 545,60 zł
26.05.2025;Marchew;10 128,00 zł;7 899,80 zł
18.08.2025;Banany;9 126,00 zł;4 289,20 zł
12.07.2025;Pomarańcze;8 720,00 zł;2 703,20 zł
18.06.2025;Pomarańcze;600,00 zł;390,00 zł
16.11.2025;Marchew;7 965,00 zł;3 425,00 zł
17.11.2025;Pomidory;2 225,00 zł;1 468,50 zł
10.04.2025;Ziemniaki;10 037,00 zł;7 126,30 zł
11.05.2025;Banany;8 331,00 zł;5 831,70 zł
8.12.2025;Pomidory;8 091,00 zł;4 126,40 zł
7.04.2025;Gruszki;2 871,00 zł;1 119,70 zł
1.11.2025;Jabłka;10 628,00 zł;5 526,60 zł
13.05.2025;Pomidory;11 131,00 zł;3 673,20 zł
14.01.2025;Pomidory;2 555,00 zł;1 788,50 zł
4.11.2025;Banany;4 082,00 zł;2 245,10 zł
19.06.2025;Marchew;2 711,00 zł;1 545,30 zł
4.06.2025;Ziemniaki;11 827,00 zł;5 795,20 zł
19.07.2025;Gruszki;3 848,00 zł;2 924,50 zł
24.10.2025;Pomidory;5 436,00 zł;3 913,90 zł
11.10.2025;Ziemniaki;6 356,00 zł;1 970,40 zł
10.01.2025;Pomidory;10 831,00 zł;7 473,40 zł
8.12.2025;Ziemniaki;11 036,00 zł;6 732,00 zł
1.08.2025;Ziemniaki;2 417,00 zł;1 281,00 zł
28.03.2025;Marchew;10 543,00 zł;4 217,20 zł
28.10.2025;Pomidory;4 790,00 zł;3 784,10 zł
4.06.2025;Banany;2 104,00 zł;904,70 zł
7.02.2025;Ziemniaki;1 345,00 zł;538,00 zł
20.02.2025;Pomarańcze;4 755,00 zł;1 997,10 zł
4.08.2025;Jabłka;6 090,00 zł;4 445,70 zł
9.02.2025;Gruszki;7 399,00 zł;3 107,60 zł
8.07.2025;Jabłka;10 287,00 zł;7 921,00 zł
3.12.2025;Ziemniaki;9 363,00 zł;5 336,90 zł
11.04.2025;Marchew;8 735,00 zł;6 027,20 zł
7.03.2025;Ziemniaki;1 072,00 zł;439,50 zł
4.02.2025;Gruszki;11 426,00 zł;5 941,50 zł
25.01.2025;Gruszki;6 776,00 zł;3 930,10 zł
21.04.2025;Ziemniaki;4 212,00 zł;3 369,60 zł
25.06.2025;Marchew;3 682,00 zł;1 546,40 zł
24.03.2025;Pomidory;7 390,00 zł;4 877,40 zł
10.02.2025;Jabłka;11 418,00 zł;7 079,20 zł
9.01.2025;Pomarańcze;3 549,00 zł;1 490,60 zł
30.03.2025;Ziemniaki;3 570,00 zł;1 785,00 zł
18.08.2025;Gruszki;7 431,00 zł;2 452,20 zł
8.09.2025;Jabłka;10 412,00 zł;5 414,20 zł
25.01.2025;Pomarańcze;2 286,00 zł;1 143,00 zł
29.12.2025;Banany;9 449,00 zł;7 275,70 zł
10.01.2025;Jabłka;8 391,00 zł;2 685,10 zł
22.03.2025;Marchew;8 614,00 zł;4 823,80 zł
2.02.2025;Marchew;4 806,00 zł;2 354,90 zł
28.02.2025;Jabłka;4 194,00 zł;1 384,00 zł
11.12.2025;Ziemniaki;7 112,00 zł;4 551,70 zł
17.10.2025;Pomarańcze;2 413,00 zł;1 858,00 zł
28.11.2025;Banany;10 539,00 zł;6 218,00 zł
23.03.2025;Pomarańcze;5 306,00 zł;2 653,00 zł
10.01.2025;Jabłka;2 287,00 zł;1 280,70 zł
21.11.2025;Ziemniaki;8 615,00 zł;4 307,50 zł
17.11.2025;Pomarańcze;11 653,00 zł;5 360,40 zł
22.05.2025;Jabłka;10 405,00 zł;5 306,60 zł
15.05.2025;Gruszki;8 160,00 zł;5 548,80 zł
16.05.2025;Pomarańcze;8 580,00 zł;2 831,40 zł
28.01.2025;Pomarańcze;10 502,00 zł;5 356,00 zł
14.04.2025;Jabłka;4 768,00 zł;2 670,10 zł
2.04.2025;Gruszki;2 361,00 zł;802,70 zł
6.03.2025;Banany;8 762,00 zł;7 009,60 zł
21.09.2025;Pomidory;7 327,00 zł;3 370,40 zł
11.12.2025;Marchew;6 685,00 zł;2 874,60 zł
13.02.2025;Jabłka;2 577,00 zł;1 752,40 zł
5.11.2025;Ziemniaki;5 716,00 zł;2 229,20 zł
21.01.2025;Jabłka;7 725,00 zł;5 253,00 zł
2.12.2025;Marchew;11 331,00 zł;4 985,60 zł
18.11.2025;Marchew;11 923,00 zł;4 530,70 zł
20.11.2025;Pomidory;8 569,00 zł;4 113,10 zł
25.03.2025;Pomarańcze;11 935,00 zł;6 206,20 zł
17.08.2025;Banany;3 202,00 zł;1 569,00 zł
9.12.2025;Pomarańcze;9 005,00 zł;2 701,50 zł
18.07.2025;Marchew;10 145,00 zł;4 260,90 zł
11.05.2025;Gruszki;6 380,00 zł;2 233,00 zł
9.05.2025;Ziemniaki;5 060,00 zł;2 125,20 zł
23.03.2025;Gruszki;8 863,00 zł;3 190,70 zł
28.10.2025;Marchew;7 743,00 zł;2 787,50 zł
8.12.2025;Gruszki;11 616,00 zł;3 833,30 zł
10.05.2025;Gruszki;7 525,00 zł;5 719,00 zł
8.06.2025;Pomarańcze;606,00 zł;406,00 zł
8.02.2025;Pomarańcze;1 862,00 zł;1 191,70 zł
11.11.2025;Jabłka;6 194,00 zł;1 982,10 zł
31.12.2025;Pomarańcze;1 209,00 zł;640,80 zł
31.01.2025;Marchew;6 482,00 zł;1 944,60 zł
18.02.2025;Pomidory;7 316,00 zł;4 974,90 zł
13.10.2025;Marchew;8 345,00 zł;4 422,90 zł
2.09.2025;Banany;8 121,00 zł;5 847,10 zł
22.03.2025;Marchew;9 604,00 zł;7 299,00 zł
10.03.2025;Jabłka;540,00 zł;313,20 zł
6.06.2025;Marchew;4 038,00 zł;1 817,10 zł
22.09.2025;Jabłka;7 193,00 zł;3 021,10 zł
10.02.2025;Gruszki;973,00 zł;661,60 zł
1.06.2025;Pomidory;1 533,00 zł;521,20 zł
15.02.2025;Ziemniaki;7 369,00 zł;4 716,20 zł
24.12.2025;Pomarańcze;6 615,00 zł;2 712,20 zł
26.03.2025;Marchew;1 480,00 zł;784,40 zł
17.07.2025;Pomidory;11 394,00 zł;4 785,50 zł
7.07.2025;Jabłka;5 797,00 zł;3 130,40 zł
6.12.2025;Ziemniaki;5 398,00 zł;1 727,40 zł
24.09.2025;Pomidory;10 020,00 zł;4 208,40 zł
28.04.2025;Banany;4 564,00 zł;3 286,10 zł
10.11.2025;Gruszki;11 013,00 zł;3 414,00 zł
22.12.2025;Gruszki;786,00 zł;275,10 zł
20.04.2025;Gruszki;7 459,00 zł;2 237,70 zł
15.12.2025;Marchew;1 496,00 zł;777,90 zł
22.12.2025;Banany;2 537,00 zł;1 801,30 zł
9.06.2025;Ziemniaki;8 781,00 zł;6 673,60 zł
10.08.2025;Marchew;7 317,00 zł;3 878,00 zł
26.12.2025;Jabłka;3 852,00 zł;1 849,00 zł
29.08.2025;Marchew;5 555,00 zł;2 166,50 zł
1.11.2025;Ziemniaki;3 851,00 zł;1 848,50 zł
14.01.2025;Gruszki;10 388,00 zł;6 752,20 zł
4.10.2025;Gruszki;6 099,00 zł;4 574,30 zł
14.08.2025;Ziemniaki;3 426,00 zł;1 713,00 zł
16.07.2025;Pomidory;3 998,00 zł;2 198,90 zł
25.02.2025;Ziemniaki;1 116,00 zł;892,80 zł
1.12.2025;Jabłka;8 638,00 zł;6 478,50 zł
26.02.2025;Gruszki;8 962,00 zł;4 212,10 zł
21.01.2025;Pomidory;10 776,00 zł;5 280,20 zł
24.09.2025;Pomarańcze;597,00 zł;477,60 zł
7.03.2025;Marchew;8 496,00 zł;4 502,90 zł
22.04.2025;Banany;1 458,00 zł;962,30 zł
19.03.2025;Banany;1 630,00 zł;961,70 zł
22.08.2025;Gruszki;11 705,00 zł;6 086,60 zł
19.04.2025;Marchew;8 161,00 zł;6 528,80 zł
13.06.2025;Pomidory;1 305,00 zł;652,50 zł
13.07.2025;Banany;709,00 zł;368,70 zł
10.11.2025;Pomarańcze;4 127,00 zł;2 393,70 zł
11.08.2025;Pomidory;10 464,00 zł;6 173,80 zł
21.03.2025;Banany;4 759,00 zł;3 331,30 zł
23.02.2025;Jabłka;10 652,00 zł;5 326,00 zł
5.06.2025;Ziemniaki;8 001,00 zł;4 800,60 zł
13.01.2025;Pomidory;7 896,00 zł;2 605,70 zł
28.12.2025;Pomarańcze;4 069,00 zł;1 505,50 zł
22.07.2025;Pomidory;11 040,00 zł;6 403,20 zł
27.04.2025;Pomarańcze;7 309,00 zł;4 312,30 zł
21.02.2025;Pomidory;5 904,00 zł;3 955,70 zł
14.07.2025;Banany;2 307,00 zł;899,70 zł
12.07.2025;Gruszki;1 142,00 zł;605,30 zł
20.11.2025;Gruszki;6 589,00 zł;3 624,00 zł
7.10.2025;Marchew;1 646,00 zł;971,10 zł
3.07.2025;Pomidory;7 043,00 zł;3 028,50 zł
22.09.2025;Marchew;10 343,00 zł;5 998,90 zł
13.04.2025;Gruszki;10 194,00 zł;6 320,30 zł
22.07.2025;Ziemniaki;7 244,00 zł;4 056,60 zł
7.08.2025;Jabłka;11 620,00 zł;4 531,80 zł
3.01.2025;Jabłka;8 221,00 zł;4 768,20 zł
20.11.2025;Pomarańcze;7 968,00 zł;3 505,90 zł
1.04.2025;Ziemniaki;9 051,00 zł;4 073,00 zł
28.05.2025;Banany;7 477,00 zł;2 243,10 zł
7.12.2025;Pomarańcze;5 443,00 zł;2 231,60 zł
6.09.2025;Banany;8 200,00 zł;3 198,00 zł
2.12.2025;Ziemniaki;5 254,00 zł;4 203,20 zł
1.01.2025;Pomarańcze;5 054,00 zł;3 436,70 zł
27.10.2025;Marchew;4 594,00 zł;2 113,20 zł
23.12.2025;Pomidory;4 795,00 zł;2 877,00 zł
17.02.2025;Jabłka;1 191,00 zł;917,10 zł
13.08.2025;Pomarańcze;2 310,00 zł;1 201,20 zł
6.04.2025;Gruszki;1 192,00 zł;762,90 zł
5.07.2025;Pomidory;3 759,00 zł;2 593,70 zł
21.01.2025;Banany;7 805,00 zł;2 575,70 zł
13.08.2025;Ziemniaki;7 640,00 zł;3 896,40 zł
7.07.2025;Pomidory;604,00 zł;229,50 zł
30.05.2025;Pomarańcze;8 531,00 zł;6 739,50 zł
10.03.2025;Marchew;8 332,00 zł;2 832,90 zł
16.02.2025;Pomidory;845,00 zł;600,00 zł
12.03.2025;Marchew;5 279,00 zł;3 220,20 zł
15.10.2025;Pomidory;3 919,00 zł;2 704,10 zł
29.09.2025;Pomidory;9 814,00 zł;3 336,80 zł
10.08.2025;Pomarańcze;11 474,00 zł;7 687,60 zł
21.03.2025;Pomarańcze;6 501,00 zł;2 600,40 zł
21.10.2025;Pomidory;7 755,00 zł;2 636,70 zł
20.08.2025;Jabłka;10 577,00 zł;6 134,70 zł
29.12.2025;Jabłka;6 108,00 zł;2 504,30 zł
22.10.2025;Banany;4 184,00 zł;3 305,40 zł
23.10.2025;Pomidory;11 484,00 zł;8 153,60 zł
22.07.2025;Ziemniaki;11 191,00 zł;5 931,20 zł
25.03.2025;Marchew;1 036,00 zł;756,30 zł
13.04.2025;Ziemniaki;8 766,00 zł;4 821,30 zł
12.08.2025;Marchew;7 268,00 zł;2 543,80 zł
6.02.2025;Jabłka;2 339,00 zł;1 286,50 zł
17.06.2025;Marchew;1 172,00 zł;586,00 zł
9.06.2025;Ziemniaki;4 158,00 zł;2 952,20 zł
14.12.2025;Pomidory;2 131,00 zł;895,00 zł
5.12.2025;Banany;10 529,00 zł;4 738,10 zł
23.01.2025;Ziemniaki;2 646,00 zł;1 481,80 zł
11.07.2025;Pomidory;11 390,00 zł;3 986,50 zł
30.01.2025;Pomarańcze;679,00 zł;278,40 zł
16.01.2025;Marchew;11 884,00 zł;9 388,40 zł
20.03.2025;Gruszki;11 477,00 zł;3 787,40 zł
10.05.2025;Jabłka;7 194,00 zł;4 748,00 zł
11.05.2025;Jabłka;4 612,00 zł;3 643,50 zł
13.06.2025;Jabłka;6 117,00 zł;2 263,30 zł
4.11.2025;Pomidory;5 408,00 zł;2 649,90 zł
29.09.2025;Jabłka;4 873,00 zł;3 021,30 zł
7.09.2025;Pomidory;628,00 zł;251,20 zł
19.06.2025;Banany;8 409,00 zł;5 213,60 zł
16.03.2025;Gruszki;1 834,00 zł;568,50 zł
28.11.2025;Gruszki;1 836,00 zł;1 101,60 zł
13.10.2025;Gruszki;8 648,00 zł;3 113,30 zł
22.06.2025;Jabłka;5 817,00 zł;2 850,30 zł
3.02.2025;Pomidory;4 999,00 zł;3 299,30 zł
1.10.2025;Marchew;4 816,00 zł;2 215,40 zł
20.02.2025;Jabłka;5 239,00 zł;2 724,30 zł
8.02.2025;Jabłka;1 979,00 zł;969,70 zł
21.08.2025;Ziemniaki;9 336,00 zł;4 574,60 zł
10.11.2025;Gruszki;7 001,00 zł;5 180,70 zł
20.08.2025;Jabłka;10 684,00 zł;5 021,50 zł
14.07.2025;Pomarańcze;2 317,00 zł;741,40 zł
16.07.2025;Marchew;3 932,00 zł;2 162,60 zł
28.07.2025;Pomarańcze;7 047,00 zł;3 664,40 zł
6.04.2025;Ziemniaki;7 331,00 zł;2 419,20 zł
6.10.2025;Marchew;9 781,00 zł;3 129,90 zł
23.11.2025;Banany;5 902,00 zł;2 951,00 zł
9.01.2025;Jabłka;8 822,00 zł;3 440,60 zł
5.10.2025;Marchew;4 519,00 zł;2 214,30 zł
12.04.2025;Gruszki;6 238,00 zł;2 620,00 zł
24.04.2025;Jabłka;2 531,00 zł;1 645,20 zł
9.02.2025;Banany;655,00 zł;491,30 zł
19.01.2025;Pomidory;8 567,00 zł;5 054,50 zł
27.08.2025;Marchew;8 061,00 zł;5 239,70 zł
12.05.2025;Gruszki;7 440,00 zł;3 868,80 zł
17.10.2025;Pomidory;10 807,00 zł;4 755,10 zł
30.11.2025;Marchew;10 246,00 zł;3 073,80 zł
17.09.2025;Banany;10 696,00 zł;4 599,30 zł
17.10.2025;Gruszki;9 254,00 zł;2 961,30 zł
18.11.2025;Jabłka;9 117,00 zł;6 928,90 zł
23.02.2025;Ziemniaki;8 530,00 zł;4 691,50 zł
2.08.2025;Jabłka;11 306,00 zł;4 748,50 zł
24.02.2025;Pomidory;3 664,00 zł;1 135,80 zł
18.01.2025;Ziemniaki;5 825,00 zł;3 786,30 zł
4.12.2025;Jabłka;10 441,00 zł;7 830,80 zł
25.10.2025;Gruszki;11 583,00 zł;4 980,70 zł
10.11.2025;Ziemniaki;2 969,00 zł;1 187,60 zł
18.06.2025;Pomidory;6 356,00 zł;4 767,00 zł
28.10.2025;Pomidory;6 437,00 zł;2 574,80 zł
30.05.2025;Pomarańcze;6 129,00 zł;2 696,80 zł
21.11.2025;Pomidory;11 332,00 zł;8 272,40 zł
10.12.2025;Gruszki;6 915,00 zł;3 042,60 zł
22.11.2025;Banany;3 806,00 zł;1 750,80 zł
15.08.2025;Jabłka;6 988,00 zł;5 101,20 zł
14.02.2025;Marchew;9 088,00 zł;6 179,80 zł
24.06.2025;Pomidory;7 886,00 zł;4 495,00 zł
27.08.2025;Pomarańcze;5 322,00 zł;3 140,00 zł
11.04.2025;Banany;4 549,00 zł;1 364,70 zł
5.08.2025;Pomidory;7 885,00 zł;3 627,10 zł
18.11.2025;Marchew;5 519,00 zł;2 042,00 zł
8.07.2025;Jabłka;892,00 zł;597,60 zł
25.04.2025;Pomarańcze;2 260,00 zł;723,20 zł
25.09.2025;Banany;3 677,00 zł;1 250,20 zł
14.12.2025;Pomidory;9 973,00 zł;5 684,60 zł
10.06.2025;Banany;9 762,00 zł;4 392,90 zł
10.12.2025;Gruszki;6 230,00 zł;2 678,90 zł
5.01.2025;Marchew;11 739,00 zł;6 926,00 zł
31.01.2025;Pomidory;6 246,00 zł;2 873,20 zł
25.09.2025;Ziemniaki;2 131,00 zł;1 086,80 zł
26.05.2025;Pomidory;11 039,00 zł;5 188,30 zł
13.06.2025;Marchew;4 104,00 zł;3 283,20 zł
11.06.2025;Ziemniaki;10 222,00 zł;5 622,10 zł
1.02.2025;Ziemniaki;4 402,00 zł;2 597,20 zł
18.08.2025;Pomidory;513,00 zł;312,90 zł
2.08.2025;Pomidory;11 329,00 zł;8 156,90 zł
19.12.2025;Marchew;3 563,00 zł;1 496,50 zł
21.11.2025;Pomarańcze;4 530,00 zł;2 582,10 zł
26.03.2025;Banany;5 943,00 zł;3 744,10 zł
31.12.2025;Banany;3 129,00 zł;1 658,40 zł
3.05.2025;Ziemniaki;5 253,00 zł;1 628,40 zł
10.05.2025;Marchew;10 531,00 zł;7 477,00 zł
17.07.2025;Pomarańcze;9 866,00 zł;4 637,00 zł
28.08.2025;Ziemniaki;5 001,00 zł;1 700,30 zł
28.01.2025;Pomarańcze;8 656,00 zł;3 202,70 zł
5.10.2025;Pomarańcze;6 189,00 zł;2 661,30 zł
21.03.2025;Pomidory;10 646,00 zł;7 345,70 zł
21.01.2025;Pomidory;5 440,00 zł;2 176,00 zł
9.01.2025;Ziemniaki;9 843,00 zł;4 724,60 zł
6.01.2025;Ziemniaki;7 209,00 zł;4 613,80 zł
13.03.2025;Ziemniaki;8 816,00 zł;4 760,60 zł
28.03.2025;Jabłka;5 161,00 zł;3 303,00 zł
4.09.2025;Jabłka;3 219,00 zł;2 092,40 zł
28.08.2025;Pomarańcze;1 195,00 zł;752,90 zł
18.08.2025;Ziemniaki;6 805,00 zł;4 627,40 zł
13.11.2025;Pomidory;10 086,00 zł;4 538,70 zł
19.12.2025;Ziemniaki;4 006,00 zł;1 402,10 zł
11.09.2025;Marchew;1 179,00 zł;353,70 zł
7.09.2025;Gruszki;11 037,00 zł;7 394,80 zł
15.03.2025;Ziemniaki;6 374,00 zł;4 206,80 zł
5.06.2025;Marchew;1 252,00 zł;588,40 zł
16.07.2025;Jabłka;10 508,00 zł;6 094,60 zł
19.04.2025;Marchew;11 570,00 zł;7 751,90 zł
27.11.2025;Pomidory;11 835,00 zł;8 521,20 zł
31.05.2025;Ziemniaki;10 047,00 zł;3 315,50 zł
11.04.2025;Marchew;6 014,00 zł;4 690,90 zł
21.01.2025;Jabłka;5 237,00 zł;2 409,00 zł
5.06.2025;Pomarańcze;1 589,00 zł;651,50 zł
18.02.2025;Pomarańcze;7 332,00 zł;4 252,60 zł
14.02.2025;Pomidory;7 786,00 zł;2 647,20 zł
22.05.2025;Banany;1 736,00 zł;1 180,50 zł
22.04.2025;Gruszki;1 861,00 zł;576,90 zł
18.07.2025;Jabłka;8 495,00 zł;4 927,10 zł
4.08.2025;Banany;6 972,00 zł;3 346,60 zł
22.09.2025;Gruszki;4 076,00 zł;2 608,60 zł
21.10.2025;Marchew;8 743,00 zł;4 371,50 zł
10.11.2025;Banany;9 838,00 zł;5 312,50 zł
20.09.2025;Gruszki;10 139,00 zł;5 069,50 zł
26.07.2025;Jabłka;4 248,00 zł;1 274,40 zł
16.07.2025;Gruszki;11 095,00 zł;8 765,10 zł
16.05.2025;Jabłka;1 930,00 zł;1 080,80 zł
11.07.2025;Ziemniaki;6 756,00 zł;5 337,20 zł
11.02.2025;Pomidory;7 241,00 zł;2 824,00 zł
3.08.2025;Ziemniaki;11 674,00 zł;4 552,90 zł
26.02.2025;Banany;10 857,00 zł;6 188,50 zł
6.10.2025;Marchew;4 844,00 zł;3 051,70 zł
31.08.2025;Jabłka;11 630,00 zł;5 000,90 zł
16.05.2025;Gruszki;565,00 zł;282,50 zł
9.01.2025;Pomarańcze;734,00 zł;345,00 zł
11.02.2025;Pomidory;11 940,00 zł;8 716,20 zł
28.02.2025;Pomidory;8 981,00 zł;3 502,60 zł
30.08.2025;Gruszki;1 886,00 zł;603,50 zł
7.11.2025;Jabłka;2 242,00 zł;1 479,70 zł
25.10.2025;Banany;5 095,00 zł;1 630,40 zł
4.10.2025;Jabłka;8 052,00 zł;6 441,60 zł
15.04.2025;Jabłka;2 098,00 zł;944,10 zł
16.09.2025;Ziemniaki;5 139,00 zł;4 008,40 zł
30.04.2025;Gruszki;6 290,00 zł;4 025,60 zł
30.01.2025;Banany;11 999,00 zł;4 079,70 zł
6.04.2025;Marchew;6 263,00 zł;4 572,00 zł
3.07.2025;Marchew;9 069,00 zł;6 711,10 zł
11.01.2025;Marchew;10 482,00 zł;6 603,70 zł
6.12.2025;Banany;6 583,00 zł;4 608,10 zł
7.05.2025;Pomidory;2 556,00 zł;1 022,40 zł
23.12.2025;Jabłka;11 805,00 zł;6 374,70 zł
16.02.2025;Jabłka;9 533,00 zł;4 385,20 zł
23.03.2025;Pomidory;1 507,00 zł;1 145,30 zł
26.11.2025;Pomidory;4 636,00 zł;2 410,70 zł
25.01.2025;Gruszki;11 293,00 zł;3 500,80 zł
16.09.2025;Gruszki;3 571,00 zł;1 321,30 zł
20.04.2025;Ziemniaki;2 313,00 zł;1 549,70 zł
30.04.2025;Pomidory;6 974,00 zł;2 789,60 zł
26.12.2025;Pomidory;7 508,00 zł;4 655,00 zł
14.12.2025;Banany;7 912,00 zł;2 611,00 zł
25.07.2025;Gruszki;7 421,00 zł;4 081,60 zł
31.08.2025;Pomidory;1 939,00 zł;1 105,20 zł
27.11.2025;Gruszki;9 553,00 zł;5 922,90 zł
29.12.2025;Ziemniaki;3 882,00 zł;3 066,80 zł
26.02.2025;Pomidory;2 402,00 zł;960,80 zł
10.09.2025;Pomidory;8 673,00 zł;6 331,30 zł
19.01.2025;Gruszki;10 390,00 zł;7 169,10 zł
6.08.2025;Marchew;8 605,00 zł;6 281,70 zł
15.06.2025;Pomarańcze;5 749,00 zł;2 299,60 zł
22.06.2025;Pomidory;6 244,00 zł;4 183,50 zł
17.11.2025;Ziemniaki;1 471,00 zł;1 147,40 zł
13.04.2025;Ziemniaki;5 612,00 zł;2 076,40 zł
8.12.2025;Pomidory;8 156,00 zł;5 138,30 zł
16.03.2025;Marchew;1 876,00 zł;1 050,60 zł
19.05.2025;Pomidory;11 746,00 zł;5 755,50 zł
7.04.2025;Gruszki;1 558,00 zł;1 184,10 zł
26.08.2025;Pomarańcze;10 005,00 zł;7 803,90 zł
25.03.2025;Pomidory;10 632,00 zł;5 422,30 zł
30.06.2025;Gruszki;10 924,00 zł;6 663,60 zł
23.07.2025;Pomarańcze;10 963,00 zł;3 837,10 zł
7.10.2025;Marchew;11 796,00 zł;6 016,00 zł
18.08.2025;Gruszki;6 682,00 zł;3 006,90 zł
9.11.2025;Jabłka;7 901,00 zł;4 187,50 zł
17.02.2025;Pomarańcze;11 680,00 zł;8 292,80 zł
29.01.2025;Pomarańcze;2 350,00 zł;1 222,00 zł
6.10.2025;Banany;5 664,00 zł;3 681,60 zł
29.06.2025;Pomarańcze;9 480,00 zł;6 541,20 zł
22.02.2025;Pomidory;2 471,00 zł;790,70 zł
9.03.2025;Banany;5 301,00 zł;1 696,30 zł
7.11.2025;Banany;11 446,00 zł;6 867,60 zł
28.05.2025;Banany;3 064,00 zł;1 225,60 zł
16.07.2025;Pomarańcze;4 594,00 zł;1 424,10 zł
16.07.2025;Jabłka;670,00 zł;214,40 zł
17.10.2025;Pomidory;9 418,00 zł;6 592,60 zł
1.02.2025;Banany;9 530,00 zł;4 002,60 zł
23.02.2025;Ziemniaki;8 354,00 zł;5 931,30 zł
21.02.2025;Gruszki;7 847,00 zł;2 981,90 zł
20.05.2025;Marchew;11 890,00 zł;4 756,00 zł
21.10.2025;Ziemniaki;5 219,00 zł;3 966,40 zł
10.09.2025;Banany;9 902,00 zł;3 465,70 zł
14.05.2025;Banany;3 911,00 zł;3 128,80 zł
27.09.2025;Banany;10 785,00 zł;3 451,20 zł
16.08.2025;Marchew;882,00 zł;441,00 zł
23.03.2025;Gruszki;4 689,00 zł;3 188,50 zł
28.06.2025;Ziemniaki;2 151,00 zł;1 527,20 zł
3.03.2025;Jabłka;11 568,00 zł;7 634,90 zł
10.10.2025;Marchew;11 031,00 zł;6 177,40 zł
18.05.2025;Pomarańcze;3 190,00 zł;1 786,40 zł
15.03.2025;Gruszki;5 451,00 zł;2 071,40 zł
6.02.2025;Banany;1 815,00 zł;1 325,00 zł
20.04.2025;Jabłka;9 073,00 zł;7 258,40 zł
29.05.2025;Pomarańcze;8 369,00 zł;6 444,10 zł
2.12.2025;Banany;2 836,00 zł;2 041,90 zł
25.10.2025;Ziemniaki;9 353,00 zł;6 827,70 zł
12.07.2025;Ziemniaki;4 035,00 zł;2 098,20 zł
17.01.2025;Ziemniaki;5 556,00 zł;2 055,70 zł
1.09.2025;Pomarańcze;3 095,00 zł;1 330,90 zł
20.11.2025;Gruszki;7 568,00 zł;4 540,80 zł
28.12.2025;Pomarańcze;11 138,00 zł;7 685,20 zł
3.10.2025;Gruszki;11 059,00 zł;8 073,10 zł
8.09.2025;Marchew;8 430,00 zł;3 877,80 zł
19.07.2025;Pomidory;4 966,00 zł;1 936,70 zł
21.05.2025;Jabłka;8 231,00 zł;5 597,10 zł
6.06.2025;Gruszki;3 520,00 zł;1 337,60 zł
16.04.2025;Gruszki;2 963,00 zł;1 718,50 zł
23.07.2025;Marchew;1 774,00 zł;620,90 zł
5.05.2025;Pomidory;4 541,00 zł;2 225,10 zł
12.07.2025;Pomarańcze;2 460,00 zł;1 033,20 zł
1.02.2025;Pomarańcze;5 472,00 zł;3 994,60 zł
17.11.2025;Marchew;11 059,00 zł;7 851,90 zł
6.04.2025;Jabłka;10 220,00 zł;8 073,80 zł
21.04.2025;Marchew;11 060,00 zł;6 746,60 zł
7.02.2025;Marchew;4 834,00 zł;2 852,10 zł
30.01.2025;Gruszki;4 093,00 zł;2 292,10 zł
2.10.2025;Pomarańcze;1 848,00 zł;924,00 zł
24.07.2025;Marchew;4 195,00 zł;1 384,40 zł
9.04.2025;Marchew;3 844,00 zł;1 537,60 zł
14.01.2025;Pomarańcze;3 747,00 zł;1 386,40 zł
6.01.2025;Banany;7 014,00 zł;3 226,40 zł
22.09.2025;Jabłka;8 784,00 zł;4 831,20 zł
8.11.2025;Banany;1 979,00 zł;732,20 zł
18.05.2025;Marchew;2 797,00 zł;1 258,70 zł
5.06.2025;Marchew;8 604,00 zł;5 334,50 zł
4.06.2025;Pomidory;3 539,00 zł;1 203,30 zł
25.01.2025;Pomarańcze;2 322,00 zł;1 509,30 zł
27.09.2025;Gruszki;1 361,00 zł;775,80 zł
19.09.2025;Marchew;11 589,00 zł;3 940,30 zł
2.10.2025;Pomarańcze;4 042,00 zł;2 546,50 zł
9.01.2025;Pomidory;2 196,00 zł;768,60 zł
25.01.2025;Pomarańcze;11 164,00 zł;4 577,20 zł
11.03.2025;Ziemniaki;10 979,00 zł;6 367,80 zł
20.11.2025;Gruszki;4 608,00 zł;1 566,70 zł
9.03.2025;Pomarańcze;8 187,00 zł;4 830,30 zł
28.09.2025;Banany;6 571,00 zł;3 811,20 zł
14.01.2025;Gruszki;2 209,00 zł;795,20 zł
22.03.2025;Pomidory;2 581,00 zł;1 755,10 zł
4.10.2025;Gruszki;3 379,00 zł;1 284,00 zł
6.07.2025;Banany;1 146,00 zł;538,60 zł
24.06.2025;Banany;6 188,00 zł;2 227,70 zł
17.01.2025;Banany;8 406,00 zł;4 707,40 zł
21.08.2025;Pomidory;5 435,00 zł;1 684,90 zł
5.02.2025;Jabłka;5 048,00 zł;1 716,30 zł
13.08.2025;Banany;2 128,00 zł;1 064,00 zł
8.07.2025;Banany;2 317,00 zł;1 065,80 zł
28.01.2025;Banany;1 332,00 zł;972,40 zł
10.12.2025;Pomidory;6 021,00 zł;2 408,40 zł
9.04.2025;Pomidory;2 857,00 zł;1 142,80 zł
12.01.2025;Marchew;1 306,00 zł;822,80 zł
24.03.2025;Pomidory;2 167,00 zł;1 625,30 zł
25.02.2025;Jabłka;9 736,00 zł;7 594,10 zł
19.04.2025;Pomarańcze;10 846,00 zł;7 592,20 zł
28.06.2025;Banany;6 840,00 zł;3 898,80 zł
21.12.2025;Jabłka;5 509,00 zł;3 691,00 zł
4.03.2025;Pomidory;731,00 zł;255,90 zł
10.05.2025;Jabłka;10 137,00 zł;7 805,50 zł
13.05.2025;Marchew;3 150,00 zł;1 102,50 zł
21.09.2025;Marchew;3 955,00 zł;1 700,70 zł
6.06.2025;Banany;1 629,00 zł;1 075,10 zł
19.10.2025;Ziemniaki;5 768,00 zł;3 633,80 zł
9.03.2025;Jabłka;2 214,00 zł;1 328,40 zł
8.07.2025;Gruszki;2 357,00 zł;1 532,10 zł
29.03.2025;Ziemniaki;7 094,00 zł;5 675,20 zł
10.03.2025;Pomidory;2 712,00 zł;1 383,10 zł
21.07.2025;Jabłka;9 826,00 zł;4 421,70 zł
6.12.2025;Gruszki;10 838,00 zł;4 118,40 zł
17.04.2025;Gruszki;11 585,00 zł;3 475,50 zł
31.10.2025;Banany;6 639,00 zł;2 390,00 zł
6.02.2025;Ziemniaki;7 378,00 zł;5 238,40 zł
20.02.2025;Ziemniaki;11 924,00 zł;3 815,70 zł
29.07.2025;Pomidory;8 044,00 zł;4 343,80 zł
17.06.2025;Ziemniaki;9 672,00 zł;3 965,50 zł
27.07.2025;Banany;6 557,00 zł;4 458,80 zł
6.05.2025;Jabłka;11 468,00 zł;6 880,80 zł
17.06.2025;Pomidory;3 530,00 zł;2 435,70 zł
8.01.2025;Marchew;3 013,00 zł;1 566,80 zł
23.06.2025;Pomidory;5 083,00 zł;2 185,70 zł
24.11.2025;Jabłka;6 333,00 zł;3 293,20 zł
5.12.2025;Marchew;3 088,00 zł;2 316,00 zł
5.10.2025;Ziemniaki;1 286,00 zł;643,00 zł
8.03.2025;Ziemniaki;8 869,00 zł;4 434,50 zł
16.05.2025;Pomidory;8 570,00 zł;4 113,60 zł
8.11.2025;Gruszki;3 771,00 zł;2 526,60 zł
11.02.2025;Pomidory;10 578,00 zł;7 616,20 zł
27.10.2025;Pomarańcze;3 123,00 zł;1 811,30 zł
19.06.2025;Ziemniaki;8 941,00 zł;3 039,90 zł
21.09.2025;Pomarańcze;8 607,00 zł;6 713,50 zł
29.11.2025;Marchew;2 379,00 zł;1 213,30 zł
30.01.2025;Ziemniaki;5 881,00 zł;3 058,10 zł
26.04.2025;Pomidory;9 064,00 zł;6 344,80 zł
5.11.2025;Jabłka;7 010,00 zł;2 103,00 zł
17.06.2025;Jabłka;10 072,00 zł;3 323,80 zł
9.12.2025;Pomidory;10 645,00 zł;8 090,20 zł
14.08.2025;Banany;5 716,00 zł;2 114,90 zł
5.07.2025;Marchew;1 813,00 zł;797,70 zł
11.04.2025;Ziemniaki;3 466,00 zł;2 668,80 zł
10.08.2025;Marchew;8 460,00 zł;6 175,80 zł
10.11.2025;Ziemniaki;8 021,00 zł;4 170,90 zł
28.02.2025;Pomarańcze;10 465,00 zł;7 848,80 zł
9.06.2025;Gruszki;2 489,00 zł;1 617,90 zł
8.11.2025;Marchew;3 745,00 zł;1 423,10 zł
4.08.2025;Banany;7 588,00 zł;3 262,80 zł
12.07.2025;Jabłka;2 905,00 zł;2 091,60 zł
21.06.2025;Pomidory;4 886,00 zł;2 736,20 zł
31.01.2025;Ziemniaki;7 515,00 zł;4 809,60 zł
5.02.2025;Pomidory;5 553,00 zł;4 053,70 zł
25.03.2025;Banany;8 837,00 zł;4 153,40 zł
17.01.2025;Jabłka;6 210,00 zł;3 415,50 zł
24.10.2025;Ziemniaki;7 267,00 zł;3 633,50 zł
27.05.2025;Pomarańcze;4 499,00 zł;2 924,40 zł
20.05.2025;Pomarańcze;4 370,00 zł;1 660,60 zł
29.09.2025;Banany;9 771,00 zł;6 448,90 zł
29.06.2025;Banany;4 681,00 zł;1 732,00 zł
11.03.2025;Pomidory;7 212,00 zł;4 976,30 zł
29.11.2025;Marchew;4 935,00 zł;1 677,90 zł
26.07.2025;Pomarańcze;11 837,00 zł;8 996,10 zł
31.05.2025;Pomidory;2 476,00 zł;866,60 zł
20.02.2025;Pomarańcze;9 585,00 zł;4 696,70 zł
20.08.2025;Ziemniaki;3 184,00 zł;1 464,60 zł
30.06.2025;Banany;10 573,00 zł;8 141,20 zł
4.10.2025;Banany;9 586,00 zł;6 230,90 zł
11.12.2025;Ziemniaki;6 563,00 zł;3 478,40 zł
27.07.2025;Ziemniaki;6 552,00 zł;5 241,60 zł
19.06.2025;Marchew;9 766,00 zł;6 054,90 zł
18.08.2025;Ziemniaki;10 019,00 zł;6 412,20 zł
22.10.2025;Gruszki;4 392,00 zł;1 844,60 zł
7.07.2025;Gruszki;1 786,00 zł;607,20 zł
17.02.2025;Banany;9 537,00 zł;3 338,00 zł
2.09.2025;Pomarańcze;3 036,00 zł;1 001,90 zł
17.05.2025;Pomidory;1 215,00 zł;656,10 zł
27.06.2025;Pomarańcze;3 907,00 zł;2 852,10 zł
11.09.2025;Ziemniaki;11 742,00 zł;3 874,90 zł
3.12.2025;Banany;11 100,00 zł;3 663,00 zł
6.06.2025;Marchew;640,00 zł;416,00 zł
9.01.2025;Ziemniaki;8 692,00 zł;3 998,30 zł
11.01.2025;Ziemniaki;8 339,00 zł;5 837,30 zł
31.03.2025;Ziemniaki;8 052,00 zł;5 636,40 zł
20.01.2025;Gruszki;4 392,00 zł;2 986,60 zł
16.03.2025;Banany;2 580,00 zł;1 083,60 zł
12.02.2025;Pomidory;10 476,00 zł;6 914,20 zł
25.05.2025;Gruszki;6 700,00 zł;2 747,00 zł
17.02.2025;Ziemniaki;7 168,00 zł;3 153,90 zł
13.06.2025;Pomidory;4 839,00 zł;3 048,60 zł
19.03.2025;Banany;9 348,00 zł;4 113,10 zł
6.12.2025;Pomarańcze;5 251,00 zł;3 465,70 zł
1.05.2025;Pomarańcze;2 016,00 zł;1 028,20 zł
14.11.2025;Pomarańcze;2 471,00 zł;1 309,60 zł
14.09.2025;Banany;2 708,00 zł;2 003,90 zł
3.08.2025;Pomidory;8 651,00 zł;6 747,80 zł
20.02.2025;Banany;4 833,00 zł;2 416,50 zł
16.12.2025;Banany;11 280,00 zł;8 798,40 zł
14.03.2025;Gruszki;1 168,00 zł;572,30 zł
16.09.2025;Pomarańcze;8 505,00 zł;6 293,70 zł
23.10.2025;Jabłka;5 686,00 zł;3 752,80 zł
10.12.2025;Gruszki;1 003,00 zł;351,10 zł
3.07.2025;Jabłka;8 936,00 zł;6 791,40 zł
21.05.2025;Gruszki;3 757,00 zł;1 840,90 zł
11.04.2025;Banany;4 833,00 zł;2 851,50 zł
21.01.2025;Pomarańcze;4 550,00 zł;2 957,50 zł
12.12.2025;Gruszki;4 753,00 zł;3 374,60 zł
27.11.2025;Marchew;2 258,00 zł;948,40 zł
12.02.2025;Marchew;4 206,00 zł;2 313,30 zł
27.10.2025;Gruszki;5 881,00 zł;4 704,80 zł
19.09.2025;Gruszki;8 021,00 zł;5 454,30 zł
13.02.2025;Ziemniaki;8 720,00 zł;5 319,20 zł
23.07.2025;Ziemniaki;8 891,00 zł;6 401,50 zł
28.12.2025;Banany;5 616,00 zł;4 380,50 zł
22.04.2025;Pomarańcze;5 934,00 zł;3 026,30 zł
7.01.2025;Pomarańcze;10 793,00 zł;5 720,30 zł
3.11.2025;Jabłka;5 559,00 zł;3 668,90 zł
12.10.2025;Marchew;5 118,00 zł;2 303,10 zł
14.02.2025;Pomidory;3 163,00 zł;1 486,60 zł
6.12.2025;Pomidory;5 264,00 zł;1 684,50 zł
5.03.2025;Pomarańcze;7 601,00 zł;6 080,80 zł
21.02.2025;Gruszki;4 090,00 zł;2 658,50 zł
4.09.2025;Pomarańcze;6 453,00 zł;4 904,30 zł
4.11.2025;Gruszki;6 972,00 zł;5 298,70 zł
9.06.2025;Banany;8 663,00 zł;3 725,10 zł
25.09.2025;Ziemniaki;9 157,00 zł;3 479,70 zł
26.05.2025;Ziemniaki;3 969,00 zł;1 428,80 zł
10.02.2025;Pomidory;5 115,00 zł;2 046,00 zł
16.03.2025;Jabłka;5 833,00 zł;3 849,80 zł
13.04.2025;Ziemniaki;9 722,00 zł;3 986,00 zł
30.05.2025;Gruszki;10 250,00 zł;6 662,50 zł
24.12.2025;Ziemniaki;9 848,00 zł;5 121,00 zł
8.11.2025;Marchew;1 751,00 zł;682,90 zł
15.04.2025;Pomarańcze;11 571,00 zł;6 479,80 zł
6.05.2025;Ziemniaki;7 510,00 zł;4 581,10 zł
20.10.2025;Marchew;2 813,00 zł;1 265,90 zł
1.12.2025;Ziemniaki;745,00 zł;543,90 zł
2.06.2025;Jabłka;11 019,00 zł;4 517,80 zł
6.06.2025;Ziemniaki;5 592,00 zł;1 845,40 zł
5.06.2025;Ziemniaki;8 016,00 zł;2 485,00 zł
21.06.2025;Banany;5 386,00 zł;2 369,80 zł
14.03.2025;Jabłka;8 291,00 zł;3 316,40 zł
29.01.2025;Pomarańcze;4 979,00 zł;3 236,40 zł
27.08.2025;Jabłka;2 746,00 zł;1 235,70 zł
24.04.2025;Pomarańcze;1 198,00 zł;634,90 zł
21.11.2025;Pomarańcze;1 613,00 zł;790,40 zł
10.11.2025;Pomarańcze;8 315,00 zł;3 242,90 zł
25.09.2025;Gruszki;7 402,00 zł;4 515,20 zł
30.04.2025;Marchew;9 169,00 zł;3 300,80 zł
18.01.2025;Marchew;9 976,00 zł;6 584,20 zł
25.08.2025;Ziemniaki;3 499,00 zł;1 399,60 zł
6.03.2025;Ziemniaki;3 288,00 zł;1 808,40 zł
2.11.2025;Pomidory;8 483,00 zł;6 277,40 zł
8.04.2025;Jabłka;8 018,00 zł;6 013,50 zł
24.04.2025;Jabłka;1 820,00 zł;1 401,40 zł
30.10.2025;Pomarańcze;3 125,00 zł;2 281,30 zł
31.08.2025;Pomarańcze;10 830,00 zł;7 689,30 zł
23.11.2025;Ziemniaki;3 279,00 zł;1 049,30 zł
9.09.2025;Marchew;9 542,00 zł;3 626,00 zł
4.10.2025;Ziemniaki;6 501,00 zł;2 080,30 zł
6.01.2025;Pomarańcze;10 548,00 zł;7 489,10 zł
6.02.2025;Banany;11 935,00 zł;4 774,00 zł
25.10.2025;Ziemniaki;3 184,00 zł;1 305,40 zł
11.09.2025;Pomidory;7 396,00 zł;3 476,10 zł
13.07.2025;Jabłka;8 033,00 zł;5 462,40 zł
26.10.2025;Marchew;1 298,00 zł;675,00 zł
22.09.2025;Marchew;1 677,00 zł;972,70 zł
14.03.2025;Banany;1 616,00 zł;1 131,20 zł
31.07.2025;Marchew;11 299,00 zł;6 779,40 zł
13.02.2025;Jabłka;11 549,00 zł;9 239,20 zł
28.09.2025;Marchew;5 199,00 zł;3 223,40 zł
20.08.2025;Ziemniaki;11 411,00 zł;5 705,50 zł
10.03.2025;Banany;565,00 zł;276,90 zł
2.02.2025;Pomidory;10 732,00 zł;3 326,90 zł
15.01.2025;Jabłka;3 339,00 zł;2 404,10 zł
18.05.2025;Pomarańcze;3 797,00 zł;2 885,70 zł
28.04.2025;Pomidory;10 047,00 zł;7 937,10 zł
23.07.2025;Banany;10 810,00 zł;6 486,00 zł
10.12.2025;Pomidory;6 389,00 zł;3 258,40 zł
29.01.2025;Ziemniaki;8 517,00 zł;5 876,70 zł
29.05.2025;Ziemniaki;8 570,00 zł;3 085,20 zł
21.12.2025;Gruszki;2 790,00 zł;976,50 zł
25.02.2025;Jabłka;3 033,00 zł;1 728,80 zł
25.06.2025;Marchew;3 875,00 zł;2 518,80 zł
31.07.2025;Ziemniaki;7 418,00 zł;3 189,70 zł
24.02.2025;Ziemniaki;6 911,00 zł;4 353,90 zł
31.10.2025;Ziemniaki;5 913,00 zł;2 720,00 zł
27.07.2025;Pomarańcze;6 083,00 zł;2 007,40 zł
3.01.2025;Banany;3 822,00 zł;3 057,60 zł
24.10.2025;Ziemniaki;5 748,00 zł;2 184,20 zł
13.10.2025;Banany;5 390,00 zł;2 209,90 zł
6.11.2025;Ziemniaki;3 944,00 zł;1 695,90 zł
10.04.2025;Ziemniaki;7 189,00 zł;5 319,90 zł
2.02.2025;Gruszki;5 316,00 zł;4 199,60 zł
5.11.2025;Banany;11 441,00 zł;8 466,30 zł
16.12.2025;Pomidory;8 272,00 zł;4 549,60 zł
29.04.2025;Ziemniaki;7 872,00 zł;3 621,10 zł
8.10.2025;Pomarańcze;5 654,00 zł;4 127,40 zł
17.11.2025;Pomarańcze;4 925,00 zł;1 477,50 zł
17.02.2025;Marchew;11 046,00 zł;5 081,20 zł
14.09.2025;Marchew;8 253,00 zł;3 548,80 zł
7.02.2025;Jabłka;9 596,00 zł;3 358,60 zł
10.06.2025;Pomidory;3 377,00 zł;1 013,10 zł
25.03.2025;Marchew;9 166,00 zł;7 057,80 zł
18.09.2025;Pomarańcze;8 047,00 zł;4 506,30 zł
20.07.2025;Marchew;10 581,00 zł;3 280,10 zł
19.05.2025;Jabłka;4 153,00 zł;2 741,00 zł
13.10.2025;Marchew;10 423,00 zł;3 543,80 zł
15.12.2025;Ziemniaki;8 638,00 zł;4 837,30 zł
4.02.2025;Ziemniaki;635,00 zł;400,10 zł
14.05.2025;Banany;3 847,00 zł;1 346,50 zł
22.06.2025;Pomarańcze;5 058,00 zł;3 945,20 zł
19.01.2025;Gruszki;9 505,00 zł;3 136,70 zł
27.11.2025;Pomidory;10 628,00 zł;4 676,30 zł
14.11.2025;Banany;9 817,00 zł;6 577,40 zł
14.01.2025;Gruszki;2 439,00 zł;1 073,20 zł
8.11.2025;Pomidory;3 394,00 zł;1 120,00 zł
17.08.2025;Pomidory;9 813,00 zł;7 163,50 zł
11.06.2025;Ziemniaki;8 703,00 zł;4 264,50 zł
26.07.2025;Marchew;9 125,00 zł;6 296,30 zł
14.12.2025;Banany;7 951,00 zł;5 645,20 zł
21.12.2025;Gruszki;6 572,00 zł;4 929,00 zł
22.11.2025;Pomidory;5 740,00 zł;2 812,60 zł
6.10.2025;Jabłka;4 433,00 zł;2 127,80 zł
2.07.2025;Ziemniaki;8 646,00 zł;6 138,70 zł
12.06.2025;Pomidory;3 993,00 zł;3 154,50 zł
1.07.2025;Pomarańcze;7 709,00 zł;4 625,40 zł
28.08.2025;Ziemniaki;2 612,00 zł;1 384,40 zł
8.04.2025;Pomidory;3 764,00 zł;1 392,70 zł
15.03.2025;Jabłka;7 427,00 zł;2 673,70 zł
19.08.2025;Pomidory;7 503,00 zł;3 001,20 zł
6.05.2025;Pomidory;10 017,00 zł;5 910,00 zł
23.01.2025;Ziemniaki;4 818,00 zł;2 409,00 zł
7.05.2025;Gruszki;7 104,00 zł;4 475,50 zł
26.04.2025;Pomarańcze;3 145,00 zł;2 138,60 zł
28.02.2025;Jabłka;7 454,00 zł;5 366,90 zł
26.12.2025;Banany;5 698,00 zł;2 792,00 zł
11.05.2025;Pomidory;6 898,00 zł;4 759,60 zł
2.04.2025;Marchew;6 356,00 zł;4 322,10 zł
30.12.2025;Pomidory;10 169,00 zł;6 101,40 zł
19.10.2025;Ziemniaki;1 613,00 zł;1 080,70 zł
24.09.2025;Marchew;8 662,00 zł;4 504,20 zł
28.10.2025;Marchew;2 737,00 zł;1 231,70 zł
17.04.2025;Ziemniaki;11 902,00 zł;7 260,20 zł
24.04.2025;Pomarańcze;2 932,00 zł;2 257,60 zł
5.12.2025;Ziemniaki;8 290,00 zł;2 984,40 zł
29.10.2025;Jabłka;5 479,00 zł;4 218,80 zł
31.03.2025;Pomarańcze;10 308,00 zł;4 226,30 zł
26.12.2025;Gruszki;11 336,00 zł;6 801,60 zł
12.07.2025;Pomarańcze;4 195,00 zł;2 600,90 zł
26.03.2025;Banany;3 317,00 zł;2 421,40 zł
3.04.2025;Pomidory;5 260,00 zł;4 050,20 zł
30.06.2025;Ziemniaki;3 680,00 zł;2 465,60 zł
29.06.2025;Jabłka;5 915,00 zł;2 425,20 zł
20.06.2025;Pomidory;4 682,00 zł;2 715,60 zł
18.08.2025;Ziemniaki;5 673,00 zł;4 198,00 zł
15.11.2025;Pomidory;11 078,00 zł;3 877,30 zł
13.01.2025;Banany;6 979,00 zł;3 838,50 zł
20.06.2025;Marchew;9 713,00 zł;5 050,80 zł
28.09.2025;Ziemniaki;3 125,00 zł;1 062,50 zł
10.02.2025;Marchew;9 750,00 zł;5 557,50 zł
2.04.2025;Pomidory;9 211,00 zł;6 263,50 zł
12.10.2025;Pomidory;11 943,00 zł;8 837,80 zł
7.06.2025;Pomarańcze;994,00 zł;516,90 zł
27.05.2025;Pomarańcze;8 825,00 zł;5 559,80 zł
20.11.2025;Pomidory;7 614,00 zł;5 634,40 zł
16.07.2025;Jabłka;7 583,00 zł;4 929,00 zł
31.08.2025;Pomidory;9 958,00 zł;5 974,80 zł
13.01.2025;Ziemniaki;1 092,00 zł;633,40 zł
26.12.2025;Banany;3 763,00 zł;1 505,20 zł
20.03.2025;Pomidory;11 204,00 zł;8 963,20 zł
7.06.2025;Jabłka;6 683,00 zł;3 608,80 zł
14.08.2025;Ziemniaki;3 676,00 zł;1 874,80 zł
13.12.2025;Marchew;9 902,00 zł;6 436,30 zł
1.02.2025;Marchew;11 684,00 zł;5 958,80 zł
11.09.2025;Banany;3 291,00 zł;1 843,00 zł
19.10.2025;Jabłka;7 438,00 zł;4 016,50 zł
27.09.2025;Ziemniaki;8 608,00 zł;3 443,20 zł
23.12.2025;Marchew;9 658,00 zł;4 829,00 zł
18.04.2025;Gruszki;7 190,00 zł;4 314,00 zł
20.11.2025;Marchew;6 827,00 zł;4 710,60 zł
2.08.2025;Pomidory;9 367,00 zł;3 840,50 zł
19.09.2025;Jabłka;3 638,00 zł;1 455,20 zł
9.11.2025;Marchew;4 129,00 zł;2 601,30 zł
27.12.2025;Pomidory;5 243,00 zł;2 411,80 zł
16.01.2025;Ziemniaki;7 967,00 zł;4 541,20 zł
27.12.2025;Pomarańcze;10 069,00 zł;5 638,60 zł
29.12.2025;Pomarańcze;9 033,00 zł;3 071,20 zł
25.11.2025;Marchew;8 325,00 zł;3 829,50 zł
13.01.2025;Pomarańcze;2 039,00 zł;774,80 zł
16.01.2025;Gruszki;10 164,00 zł;5 691,80 zł
19.01.2025;Banany;5 188,00 zł;2 230,80 zł
14.12.2025;Marchew;8 405,00 zł;5 463,30 zł
22.10.2025;Pomarańcze;7 728,00 zł;5 409,60 zł
11.07.2025;Pomarańcze;6 654,00 zł;4 990,50 zł
16.01.2025;Jabłka;2 462,00 zł;984,80 zł
16.11.2025;Pomidory;4 832,00 zł;3 817,30 zł
11.02.2025;Pomarańcze;3 885,00 zł;1 398,60 zł
9.03.2025;Marchew;5 332,00 zł;3 625,80 zł
17.06.2025;Marchew;8 412,00 zł;4 206,00 zł
7.06.2025;Marchew;3 815,00 zł;2 365,30 zł
28.01.2025;Pomarańcze;7 756,00 zł;5 894,60 zł
21.08.2025;Pomidory;4 100,00 zł;3 198,00 zł
13.06.2025;Pomidory;4 961,00 zł;3 820,00 zł
31.08.2025;Ziemniaki;967,00 zł;348,10 zł
8.01.2025;Jabłka;1 501,00 zł;465,30 zł
6.02.2025;Ziemniaki;5 801,00 zł;1 856,30 zł
30.08.2025;Marchew;4 005,00 zł;2 122,70 zł
19.03.2025;Pomidory;9 212,00 zł;6 816,90 zł
9.07.2025;Marchew;11 087,00 zł;4 989,20 zł
20.02.2025;Marchew;8 516,00 zł;6 727,60 zł
21.02.2025;Ziemniaki;656,00 zł;400,20 zł
5.02.2025;Pomarańcze;2 868,00 zł;2 294,40 zł
13.08.2025;Pomarańcze;3 065,00 zł;1 011,50 zł
17.04.2025;Marchew;2 545,00 zł;1 781,50 zł
18.09.2025;Banany;3 247,00 zł;1 720,90 zł
26.04.2025;Jabłka;771,00 zł;408,60 zł
3.11.2025;Pomarańcze;7 867,00 zł;4 326,90 zł
9.07.2025;Marchew;8 382,00 zł;5 364,50 zł
13.04.2025;Pomarańcze;11 281,00 zł;8 912,00 zł
13.05.2025;Gruszki;11 268,00 zł;4 732,60 zł
2.06.2025;Ziemniaki;5 739,00 zł;3 099,10 zł
7.01.2025;Ziemniaki;9 964,00 zł;6 177,70 zł
14.12.2025;Banany;2 499,00 zł;1 924,20 zł
19.10.2025;Pomarańcze;8 867,00 zł;4 610,80 zł
16.07.2025;Banany;10 172,00 zł;3 356,80 zł
27.08.2025;Marchew;6 528,00 zł;5 091,80 zł
3.04.2025;Pomidory;1 454,00 zł;945,10 zł
25.07.2025;Pomarańcze;7 064,00 zł;3 320,10 zł
12.06.2025;Gruszki;10 895,00 zł;5 883,30 zł
16.02.2025;Pomarańcze;1 256,00 zł;452,20 zł
24.01.2025;Pomarańcze;7 868,00 zł;4 484,80 zł
5.02.2025;Pomarańcze;11 259,00 zł;9 007,20 zł
9.10.2025;Gruszki;643,00 zł;212,20 zł
20.02.2025;Banany;4 662,00 zł;1 958,00 zł
26.09.2025;Marchew;11 865,00 zł;6 407,10 zł
2.04.2025;Banany;11 648,00 zł;8 503,00 zł
2.01.2025;Pomidory;9 704,00 zł;4 463,80 zł
15.09.2025;Pomidory;4 518,00 zł;1 671,70 zł
30.10.2025;Pomidory;5 074,00 zł;2 892,20 zł
26.12.2025;Ziemniaki;728,00 zł;502,30 zł
26.08.2025;Banany;1 009,00 zł;575,10 zł
27.01.2025;Pomidory;5 016,00 zł;3 210,20 zł
18.01.2025;Marchew;5 177,00 zł;1 967,30 zł
4.03.2025;Ziemniaki;11 960,00 zł;7 893,60 zł
9.11.2025;Jabłka;4 261,00 zł;1 704,40 zł
18.09.2025;Jabłka;3 055,00 zł;1 863,60 zł
9.06.2025;Pomidory;1 409,00 zł;493,20 zł
15.01.2025;Ziemniaki;3 160,00 zł;1 674,80 zł
24.07.2025;Gruszki;9 878,00 zł;7 309,70 zł
26.09.2025;Ziemniaki;3 244,00 zł;1 492,20 zł
17.05.2025;Marchew;7 965,00 zł;5 734,80 zł
27.05.2025;Pomidory;3 853,00 zł;1 271,50 zł
31.08.2025;Banany;2 524,00 zł;1 792,00 zł
24.07.2025;Ziemniaki;4 072,00 zł;1 384,50 zł
19.12.2025;Marchew;3 387,00 zł;2 404,80 zł
13.01.2025;Pomidory;11 181,00 zł;7 044,00 zł
1.06.2025;Jabłka;4 514,00 zł;2 618,10 zł
20.10.2025;Gruszki;5 748,00 zł;3 563,80 zł
3.12.2025;Marchew;5 735,00 zł;1 777,90 zł
26.03.2025;Banany;8 913,00 zł;4 278,20 zł
5.11.2025;Banany;9 321,00 zł;6 151,90 zł
7.12.2025;Banany;7 335,00 zł;4 474,40 zł
17.05.2025;Gruszki;9 495,00 zł;7 596,00 zł
10.01.2025;Marchew;2 975,00 zł;1 814,80 zł
7.09.2025;Gruszki;4 392,00 zł;2 767,00 zł
24.08.2025;Jabłka;1 249,00 zł;811,90 zł
28.07.2025;Pomidory;6 406,00 zł;3 267,10 zł
1.01.2025;Pomarańcze;8 806,00 zł;3 522,40 zł
8.07.2025;Pomarańcze;961,00 zł;394,00 zł
4.06.2025;Banany;4 407,00 zł;3 349,30 zł
25.02.2025;Pomidory;11 799,00 zł;3 539,70 zł
24.04.2025;Pomarańcze;6 484,00 zł;5 122,40 zł
8.08.2025;Pomidory;9 467,00 zł;6 816,20 zł
12.12.2025;Marchew;11 648,00 zł;6 057,00 zł
29.04.2025;Gruszki;9 264,00 zł;5 929,00 zł
19.08.2025;Marchew;1 859,00 zł;1 431,40 zł
3.02.2025;Banany;4 481,00 zł;2 599,00 zł
25.01.2025;Pomidory;1 874,00 zł;562,20 zł
30.11.2025;Gruszki;9 307,00 zł;5 956,50 zł
24.06.2025;Pomarańcze;6 633,00 zł;3 250,20 zł
10.02.2025;Ziemniaki;3 339,00 zł;2 370,70 zł
3.02.2025;Banany;11 719,00 zł;3 632,90 zł
8.11.2025;Ziemniaki;5 996,00 zł;1 978,70 zł
9.05.2025;Pomarańcze;765,00 zł;566,10 zł
2.02.2025;Ziemniaki;5 731,00 zł;1 833,90 zł
7.08.2025;Pomarańcze;3 947,00 zł;2 289,30 zł
30.06.2025;Pomarańcze;11 781,00 zł;7 657,70 zł
23.04.2025;Banany;2 329,00 zł;885,00 zł
17.06.2025;Ziemniaki;10 852,00 zł;7 704,90 zł
15.08.2025;Banany;10 718,00 zł;7 288,20 zł
29.09.2025;Marchew;11 700,00 zł;3 744,00 zł
6.08.2025;Marchew;558,00 zł;446,40 zł
13.12.2025;Marchew;8 209,00 zł;3 365,70 zł
4.10.2025;Pomarańcze;7 110,00 zł;2 772,90 zł
27.08.2025;Ziemniaki;9 959,00 zł;3 784,40 zł
1.05.2025;Gruszki;6 332,00 zł;2 659,40 zł
17.08.2025;Ziemniaki;3 547,00 zł;2 021,80 zł
20.12.2025;Banany;6 482,00 zł;5 185,60 zł
3.10.2025;Pomarańcze;9 057,00 zł;4 800,20 zł
15.06.2025;Gruszki;1 273,00 zł;802,00 zł
4.07.2025;Jabłka;6 815,00 zł;3 407,50 zł
28.11.2025;Banany;9 098,00 zł;3 093,30 zł
2.12.2025;Jabłka;4 153,00 zł;2 533,30 zł
17.04.2025;Gruszki;10 408,00 zł;6 036,60 zł
31.03.2025;Marchew;7 349,00 zł;4 042,00 zł
18.06.2025;Gruszki;8 771,00 zł;3 157,60 zł
6.04.2025;Ziemniaki;7 264,00 zł;2 324,50 zł
11.12.2025;Jabłka;8 829,00 zł;6 533,50 zł
27.09.2025;Gruszki;3 521,00 zł;1 338,00 zł
18.08.2025;Jabłka;1 946,00 zł;1 440,00 zł
20.07.2025;Gruszki;8 988,00 zł;4 853,50 zł
24.04.2025;Ziemniaki;10 010,00 zł;7 407,40 zł
17.12.2025;Pomarańcze;3 034,00 zł;1 243,90 zł
4.10.2025;Banany;7 931,00 zł;5 551,70 zł
17.11.2025;Marchew;9 716,00 zł;7 578,50 zł
30.11.2025;Banany;9 855,00 zł;4 927,50 zł
17.07.2025;Ziemniaki;7 046,00 zł;5 214,00 zł
30.06.2025;Ziemniaki;1 360,00 zł;408,00 zł
5.05.2025;Pomarańcze;7 102,00 zł;5 539,60 zł
23.01.2025;Banany;3 437,00 zł;2 130,90 zł
27.06.2025;Ziemniaki;7 397,00 zł;2 515,00 zł
11.06.2025;Pomarańcze;6 436,00 zł;2 960,60 zł
11.06.2025;Gruszki;5 743,00 zł;2 641,80 zł
21.09.2025;Pomarańcze;928,00 zł;538,20 zł
28.09.2025;Marchew;8 206,00 zł;4 020,90 zł
1.01.2025;Ziemniaki;1 035,00 zł;683,10 zł
22.09.2025;Ziemniaki;4 364,00 zł;1 789,20 zł
8.04.2025;Pomidory;10 531,00 zł;3 159,30 zł
16.12.2025;Marchew;1 979,00 zł;811,40 zł
28.11.2025;Pomarańcze;5 932,00 zł;3 262,60 zł
21.01.2025;Gruszki;2 247,00 zł;1 550,40 zł
15.09.2025;Marchew;10 512,00 zł;7 253,30 zł
18.01.2025;Ziemniaki;5 326,00 zł;3 195,60 zł
3.11.2025;Ziemniaki;1 617,00 zł;921,70 zł
14.12.2025;Marchew;2 894,00 zł;1 852,20 zł
25.09.2025;Marchew;10 586,00 zł;3 175,80 zł
3.02.2025;Pomarańcze;3 210,00 zł;2 279,10 zł
14.12.2025;Banany;8 459,00 zł;3 975,70 zł
26.04.2025;Marchew;10 649,00 zł;6 708,90 zł
25.11.2025;Gruszki;4 618,00 zł;2 724,60 zł
4.04.2025;Banany;7 562,00 zł;4 007,90 zł
25.03.2025;Pomarańcze;8 459,00 zł;6 344,30 zł
7.02.2025;Jabłka;3 332,00 zł;2 132,50 zł
29.06.2025;Pomarańcze;9 996,00 zł;7 696,90 zł
24.11.2025;Jabłka;10 141,00 zł;6 490,20 zł
28.07.2025;Ziemniaki;5 168,00 zł;3 462,60 zł
13.12.2025;Pomarańcze;10 527,00 zł;5 579,30 zł
8.11.2025;Pomidory;11 585,00 zł;3 591,40 zł
5.11.2025;Gruszki;10 720,00 zł;5 038,40 zł
1.10.2025;Pomarańcze;1 890,00 zł;1 493,10 zł
24.06.2025;Pomidory;2 906,00 zł;1 423,90 zł
25.03.2025;Ziemniaki;5 635,00 zł;2 310,40 zł
24.02.2025;Marchew;3 436,00 zł;2 164,70 zł
4.03.2025;Marchew;4 654,00 zł;3 025,10 zł
4.10.2025;Marchew;7 525,00 zł;4 590,30 zł
4.12.2025;Marchew;8 276,00 zł;6 538,00 zł
3.01.2025;Ziemniaki;668,00 zł;447,60 zł
10.07.2025;Marchew;3 839,00 zł;1 574,00 zł
3.09.2025;Marchew;5 109,00 zł;1 737,10 zł
7.04.2025;Marchew;6 973,00 zł;4 602,20 zł
6.12.2025;Pomidory;11 346,00 zł;8 169,10 zł
3.04.2025;Jabłka;5 022,00 zł;3 967,40 zł
28.07.2025;Gruszki;8 713,00 zł;5 489,20 zł
22.02.2025;Gruszki;2 020,00 zł;1 111,00 zł
10.02.2025;Pomidory;4 691,00 zł;3 002,20 zł
30.07.2025;Marchew;10 882,00 zł;4 244,00 zł
19.12.2025;Banany;4 402,00 zł;1 672,80 zł
24.01.2025;Ziemniaki;7 572,00 zł;2 347,30 zł
21.07.2025;Ziemniaki;5 816,00 zł;2 268,20 zł
6.07.2025;Banany;6 894,00 zł;2 068,20 zł
23.09.2025;Ziemniaki;10 033,00 zł;5 919,50 zł
16.03.2025;Banany;11 289,00 zł;3 838,30 zł
15.09.2025;Ziemniaki;10 174,00 zł;5 697,40 zł
14.11.2025;Banany;6 356,00 zł;4 067,80 zł
1.06.2025;Ziemniaki;11 683,00 zł;8 294,90 zł
14.11.2025;Pomarańcze;1 081,00 zł;335,10 zł
11.07.2025;Jabłka;5 606,00 zł;3 251,50 zł
7.04.2025;Marchew;3 932,00 zł;1 336,90 zł
14.11.2025;Pomarańcze;6 681,00 zł;3 941,80 zł
17.10.2025;Marchew;8 874,00 zł;6 921,70 zł
10.06.2025;Banany;2 786,00 zł;947,20 zł
18.06.2025;Ziemniaki;4 077,00 zł;1 630,80 zł
26.11.2025;Banany;5 554,00 zł;1 999,40 zł
3.10.2025;Banany;5 253,00 zł;2 416,40 zł
24.10.2025;Banany;3 888,00 zł;3 032,60 zł
21.11.2025;Pomidory;7 181,00 zł;5 601,20 zł
10.06.2025;Gruszki;7 332,00 zł;3 812,60 zł
22.11.2025;Gruszki;11 495,00 zł;7 356,80 zł
17.12.2025;Banany;11 191,00 zł;4 252,60 zł
7.08.2025;Jabłka;10 581,00 zł;7 089,30 zł
30.03.2025;Jabłka;636,00 zł;477,00 zł
12.09.2025;Gruszki;9 796,00 zł;4 310,20 zł
3.09.2025;Gruszki;3 644,00 zł;1 275,40 zł
3.08.2025;Pomidory;1 452,00 zł;856,70 zł
29.07.2025;Marchew;8 193,00 zł;6 472,50 zł
31.01.2025;Ziemniaki;5 106,00 zł;3 472,10 zł
18.04.2025;Ziemniaki;10 172,00 zł;7 527,30 zł
2.05.2025;Ziemniaki;11 310,00 zł;6 107,40 zł
26.08.2025;Jabłka;5 182,00 zł;3 212,80 zł
2.08.2025;Banany;2 330,00 zł;1 374,70 zł
16.02.2025;Gruszki;4 648,00 zł;3 625,40 zł
21.08.2025;Pomidory;5 962,00 zł;3 338,70 zł
16.09.2025;Ziemniaki;6 133,00 zł;3 863,80 zł
29.07.2025;Pomidory;7 624,00 zł;2 668,40 zł
15.02.2025;Pomarańcze;9 140,00 zł;6 672,20 zł
15.09.2025;Pomidory;5 441,00 zł;2 611,70 zł
26.05.2025;Jabłka;2 754,00 zł;1 019,00 zł
27.05.2025;Ziemniaki;1 373,00 zł;1 057,20 zł
27.06.2025;Marchew;9 986,00 zł;4 493,70 zł
11.02.2025;Banany;11 093,00 zł;3 549,80 zł
7.08.2025;Jabłka;1 967,00 zł;1 396,60 zł
7.10.2025;Banany;1 021,00 zł;776,00 zł
28.12.2025;Gruszki;5 234,00 zł;2 407,60 zł
12.11.2025;Gruszki;5 181,00 zł;3 989,40 zł
1.04.2025;Ziemniaki;8 867,00 zł;3 724,10 zł
25.03.2025;Jabłka;9 025,00 zł;3 700,30 zł
5.06.2025;Banany;11 871,00 zł;6 647,80 zł
29.04.2025;Pomidory;688,00 zł;488,50 zł
4.08.2025;Pomidory;11 586,00 zł;7 530,90 zł
14.04.2025;Pomidory;6 445,00 zł;4 318,20 zł
21.04.2025;Banany;9 497,00 zł;5 983,10 zł
30.05.2025;Ziemniaki;6 548,00 zł;2 553,70 zł
16.03.2025;Marchew;8 667,00 zł;5 460,20 zł
31.07.2025;Pomidory;9 253,00 zł;2 775,90 zł
18.02.2025;Ziemniaki;3 876,00 zł;2 441,90 zł
27.11.2025;Marchew;3 075,00 zł;1 476,00 zł
9.12.2025;Gruszki;4 050,00 zł;2 187,00 zł
10.05.2025;Ziemniaki;3 357,00 zł;1 846,40 zł
12.05.2025;Ziemniaki;6 354,00 zł;2 668,70 zł
21.10.2025;Ziemniaki;8 416,00 zł;4 292,20 zł
20.12.2025;Pomarańcze;10 876,00 zł;3 697,80 zł
6.09.2025;Marchew;4 960,00 zł;2 926,40 zł
11.09.2025;Gruszki;2 637,00 zł;1 054,80 zł
16.06.2025;Banany;2 758,00 zł;1 985,80 zł
12.12.2025;Marchew;2 359,00 zł;707,70 zł
6.12.2025;Jabłka;9 758,00 zł;7 708,80 zł
14.03.2025;Marchew;2 132,00 zł;1 044,70 zł
5.07.2025;Jabłka;3 062,00 zł;2 143,40 zł
25.08.2025;Marchew;11 215,00 zł;5 046,80 zł
11.03.2025;Jabłka;9 674,00 zł;5 901,10 zł
25.10.2025;Gruszki;1 997,00 zł;838,70 zł
7.02.2025;Pomarańcze;1 956,00 zł;665,00 zł
20.07.2025;Pomarańcze;9 855,00 zł;7 686,90 zł
18.09.2025;Banany;2 256,00 zł;1 195,70 zł
9.02.2025;Pomidory;3 445,00 zł;1 481,40 zł
29.03.2025;Ziemniaki;9 323,00 zł;2 890,10 zł
25.08.2025;Banany;5 307,00 zł;2 547,40 zł
12.11.2025;Pomarańcze;11 052,00 zł;7 736,40 zł
21.02.2025;Marchew;2 065,00 zł;660,80 zł
27.07.2025;Banany;4 760,00 zł;3 522,40 zł
26.12.2025;Ziemniaki;6 149,00 zł;4 365,80 zł
26.01.2025;Marchew;6 598,00 zł;5 014,50 zł
25.08.2025;Ziemniaki;9 464,00 zł;5 962,30 zł
20.06.2025;Pomidory;6 466,00 zł;4 008,90 zł
9.11.2025;Pomidory;6 400,00 zł;3 200,00 zł
8.11.2025;Pomarańcze;2 858,00 zł;1 800,50 zł
31.07.2025;Banany;4 778,00 zł;3 583,50 zł
17.05.2025;Marchew;1 506,00 zł;737,90 zł
9.04.2025;Pomarańcze;8 592,00 zł;4 553,80 zł
19.09.2025;Gruszki;6 746,00 zł;2 630,90 zł
1.11.2025;Marchew;7 715,00 zł;4 629,00 zł
14.05.2025;Gruszki;8 701,00 zł;6 438,70 zł
8.07.2025;Marchew;10 772,00 zł;3 554,80 zł
16.08.2025;Pomidory;599,00 zł;269,60 zł
13.03.2025;Pomarańcze;3 681,00 zł;2 908,00 zł
4.01.2025;Pomidory;1 432,00 zł;716,00 zł
23.05.2025;Marchew;9 459,00 zł;6 432,10 zł
1.10.2025;Gruszki;7 665,00 zł;3 219,30 zł
2.06.2025;Ziemniaki;9 118,00 zł;5 470,80 zł
6.03.2025;Banany;4 465,00 zł;3 393,40 zł
8.03.2025;Banany;1 242,00 zł;558,90 zł
19.10.2025;Pomarańcze;5 682,00 zł;1 988,70 zł
18.02.2025;Pomarańcze;6 458,00 zł;2 776,90 zł
13.08.2025;Banany;7 561,00 zł;5 065,90 zł
11.04.2025;Banany;1 502,00 zł;615,80 zł
10.10.2025;Ziemniaki;5 805,00 zł;2 612,30 zł
9.08.2025;Ziemniaki;2 116,00 zł;825,20 zł
19.03.2025;Pomidory;4 513,00 zł;3 023,70 zł
7.02.2025;Jabłka;11 627,00 zł;5 464,70 zł
12.04.2025;Pomarańcze;2 297,00 zł;1 539,00 zł
28.06.2025;Ziemniaki;2 791,00 zł;1 870,00 zł
20.11.2025;Pomarańcze;8 906,00 zł;5 254,50 zł
15.10.2025;Marchew;1 756,00 zł;614,60 zł
20.05.2025;Gruszki;1 076,00 zł;731,70 zł
26.12.2025;Pomidory;6 796,00 zł;4 485,40 zł
10.01.2025;Pomarańcze;10 975,00 zł;7 463,00 zł
13.08.2025;Marchew;504,00 zł;151,20 zł
28.08.2025;Gruszki;5 995,00 zł;1 798,50 zł
20.09.2025;Pomidory;5 359,00 zł;3 912,10 zł
12.10.2025;Ziemniaki;4 338,00 zł;1 518,30 zł
2.09.2025;Gruszki;4 262,00 zł;3 196,50 zł
16.02.2025;Banany;5 542,00 zł;2 383,10 zł
23.07.2025;Ziemniaki;11 495,00 zł;4 598,00 zł
21.10.2025;Pomidory;11 828,00 zł;8 397,90 zł
29.11.2025;Gruszki;6 034,00 zł;4 766,90 zł
2.07.2025;Jabłka;7 919,00 zł;3 801,10 zł
9.08.2025;Banany;1 059,00 zł;423,60 zł
21.02.2025;Marchew;4 479,00 zł;2 911,40 zł
19.08.2025;Jabłka;11 474,00 zł;4 589,60 zł
12.09.2025;Gruszki;3 352,00 zł;1 541,90 zł
13.02.2025;Ziemniaki;1 026,00 zł;482,20 zł
19.09.2025;Pomidory;3 387,00 zł;2 506,40 zł
15.04.2025;Jabłka;8 901,00 zł;4 005,50 zł
17.08.2025;Pomarańcze;2 948,00 zł;1 562,40 zł
31.01.2025;Pomidory;1 866,00 zł;634,40 zł
9.11.2025;Pomidory;6 998,00 zł;5 458,40 zł
2.01.2025;Pomidory;4 006,00 zł;1 281,90 zł
27.01.2025;Jabłka;1 028,00 zł;729,90 zł
7.10.2025;Pomidory;8 998,00 zł;2 969,30 zł
3.06.2025;Ziemniaki;8 374,00 zł;5 945,50 zł
3.02.2025;Jabłka;7 379,00 zł;4 796,40 zł
19.11.2025;Jabłka;1 638,00 zł;688,00 zł
11.02.2025;Banany;5 918,00 zł;3 432,40 zł
2.09.2025;Pomidory;4 591,00 zł;2 708,70 zł
12.01.2025;Pomidory;9 622,00 zł;5 099,70 zł
17.07.2025;Ziemniaki;8 432,00 zł;3 878,70 zł
4.10.2025;Ziemniaki;7 369,00 zł;4 347,70 zł
20.03.2025;Marchew;3 728,00 zł;2 535,00 zł
11.05.2025;Gruszki;9 062,00 zł;5 074,70 zł
18.03.2025;Ziemniaki;2 989,00 zł;1 913,00 zł
9.04.2025;Pomidory;2 870,00 zł;1 808,10 zł
16.01.2025;Banany;11 710,00 zł;5 035,30 zł
29.07.2025;Banany;8 789,00 zł;4 218,70 zł
5.03.2025;Pomarańcze;3 199,00 zł;2 527,20 zł
12.08.2025;Marchew;8 711,00 zł;4 007,10 zł
8.11.2025;Pomidory;4 263,00 zł;3 367,80 zł
14.12.2025;Gruszki;7 423,00 zł;3 785,70 zł
18.09.2025;Gruszki;8 462,00 zł;4 992,60 zł
27.03.2025;Gruszki;5 441,00 zł;2 992,60 zł
12.11.2025;Gruszki;2 320,00 zł;1 600,80 zł
12.10.2025;Pomarańcze;624,00 zł;255,80 zł
24.09.2025;Pomarańcze;3 285,00 zł;1 773,90 zł
18.09.2025;Marchew;8 898,00 zł;2 758,40 zł
17.04.2025;Ziemniaki;1 413,00 zł;423,90 zł
6.01.2025;Banany;7 208,00 zł;3 531,90 zł
17.03.2025;Jabłka;10 174,00 zł;6 307,90 zł
12.11.2025;Marchew;8 053,00 zł;5 234,50 zł
5.12.2025;Marchew;2 036,00 zł;773,70 zł
28.05.2025;Ziemniaki;5 822,00 zł;2 270,60 zł
27.05.2025;Pomidory;3 721,00 zł;2 939,60 zł
11.08.2025;Jabłka;8 694,00 zł;3 912,30 zł
12.07.2025;Pomidory;11 395,00 zł;8 774,20 zł
31.01.2025;Banany;3 027,00 zł;2 179,40 zł
28.09.2025;Gruszki;2 896,00 zł;1 563,80 zł
13.09.2025;Marchew;7 586,00 zł;3 034,40 zł
10.11.2025;Ziemniaki;4 023,00 zł;2 333,30 zł
4.10.2025;Gruszki;11 077,00 zł;3 433,90 zł
8.05.2025;Jabłka;4 446,00 zł;3 023,30 zł
16.05.2025;Banany;10 584,00 zł;3 281,00 zł
14.08.2025;Pomarańcze;5 020,00 zł;2 961,80 zł
11.06.2025;Banany;3 126,00 zł;2 250,70 zł
25.07.2025;Banany;9 933,00 zł;2 979,90 zł
26.04.2025;Banany;5 123,00 zł;2 664,00 zł
2.09.2025;Gruszki;10 621,00 zł;7 116,10 zł
27.08.2025;Pomidory;606,00 zł;484,80 zł
15.01.2025;Gruszki;1 732,00 zł;848,70 zł
21.04.2025;Gruszki;4 206,00 zł;2 060,90 zł
4.02.2025;Marchew;8 680,00 zł;6 944,00 zł
27.10.2025;Banany;6 922,00 zł;4 430,10 zł
18.03.2025;Gruszki;1 185,00 zł;391,10 zł
29.03.2025;Pomidory;4 456,00 zł;2 851,80 zł
9.02.2025;Pomarańcze;8 955,00 zł;5 193,90 zł
29.07.2025;Jabłka;9 423,00 zł;6 784,60 zł
10.08.2025;Banany;6 984,00 zł;5 307,80 zł
9.08.2025;Marchew;5 445,00 zł;2 178,00 zł
28.11.2025;Marchew;11 652,00 zł;7 107,70 zł
6.12.2025;Jabłka;1 718,00 zł;893,40 zł
19.05.2025;Ziemniaki;11 783,00 zł;8 012,40 zł
22.06.2025;Pomarańcze;8 836,00 zł;3 269,30 zł
22.04.2025;Banany;9 689,00 zł;2 906,70 zł
28.07.2025;Banany;1 482,00 zł;1 067,00 zł
29.10.2025;Gruszki;631,00 zł;378,60 zł
18.01.2025;Jabłka;5 581,00 zł;2 288,20 zł
15.06.2025;Pomidory;8 655,00 zł;3 115,80 zł
24.09.2025;Banany;2 208,00 zł;1 413,10 zł
20.06.2025;Marchew;984,00 zł;560,90 zł
20.06.2025;Pomidory;5 999,00 zł;3 299,50 zł
27.02.2025;Pomidory;8 196,00 zł;3 442,30 zł
14.09.2025;Marchew;10 785,00 zł;7 226,00 zł
20.11.2025;Pomidory;10 686,00 zł;7 693,90 zł
3.07.2025;Gruszki;6 612,00 zł;2 182,00 zł
21.11.2025;Banany;10 242,00 zł;7 169,40 zł
15.04.2025;Pomidory;8 221,00 zł;6 330,20 zł
31.03.2025;Ziemniaki;2 507,00 zł;1 754,90 zł
11.08.2025;Ziemniaki;7 410,00 zł;2 667,60 zł
9.11.2025;Pomarańcze;3 658,00 zł;2 706,90 zł
28.08.2025;Pomidory;3 086,00 zł;1 141,80 zł
14.02.2025;Ziemniaki;7 542,00 zł;4 374,40 zł
4.02.2025;Marchew;2 437,00 zł;1 754,60 zł
20.08.2025;Jabłka;11 967,00 zł;4 786,80 zł
8.11.2025;Gruszki;3 659,00 zł;1 170,90 zł
10.10.2025;Ziemniaki;9 174,00 zł;5 045,70 zł
23.03.2025;Pomidory;3 900,00 zł;2 457,00 zł
28.03.2025;Pomarańcze;8 772,00 zł;4 649,20 zł
3.01.2025;Pomarańcze;2 677,00 zł;1 311,70 zł
24.06.2025;Banany;4 427,00 zł;3 320,30 zł
24.09.2025;Pomidory;10 836,00 zł;3 901,00 zł
26.09.2025;Jabłka;9 723,00 zł;7 097,80 zł
9.02.2025;Pomidory;8 522,00 zł;6 732,40 zł
1.08.2025;Jabłka;4 332,00 zł;1 992,70 zł
17.03.2025;Banany;9 282,00 zł;6 961,50 zł
18.09.2025;Pomidory;7 255,00 zł;5 658,90 zł
24.11.2025;Gruszki;955,00 zł;592,10 zł
9.06.2025;Ziemniaki;5 182,00 zł;1 969,20 zł
10.04.2025;Marchew;11 370,00 zł;9 096,00 zł
23.11.2025;Gruszki;9 930,00 zł;6 355,20 zł
2.09.2025;Marchew;8 110,00 zł;5 352,60 zł
31.10.2025;Pomidory;5 148,00 zł;3 758,00 zł
29.11.2025;Pomarańcze;10 158,00 zł;6 805,90 zł
31.10.2025;Pomidory;2 941,00 zł;999,90 zł
11.11.2025;Banany;5 219,00 zł;3 653,30 zł
21.08.2025;Jabłka;9 227,00 zł;5 813,00 zł
27.07.2025;Marchew;8 965,00 zł;6 185,90 zł
1.11.2025;Pomidory;3 038,00 zł;1 944,30 zł
15.05.2025;Gruszki;4 406,00 zł;1 806,50 zł
14.10.2025;Pomidory;10 340,00 zł;6 927,80 zł
19.03.2025;Jabłka;1 588,00 zł;539,90 zł
7.10.2025;Pomarańcze;7 494,00 zł;4 496,40 zł
6.10.2025;Pomarańcze;5 113,00 zł;3 528,00 zł
2.12.2025;Ziemniaki;6 290,00 zł;3 396,60 zł
13.10.2025;Pomarańcze;4 098,00 zł;2 049,00 zł
27.06.2025;Marchew;6 418,00 zł;2 117,90 zł
6.01.2025;Gruszki;2 489,00 zł;1 841,90 zł
4.05.2025;Banany;9 831,00 zł;5 013,80 zł
28.01.2025;Ziemniaki;4 490,00 zł;2 649,10 zł
17.03.2025;Pomarańcze;10 939,00 zł;8 094,90 zł
14.05.2025;Marchew;4 543,00 zł;2 453,20 zł
14.02.2025;Marchew;10 789,00 zł;4 962,90 zł
11.09.2025;Ziemniaki;10 384,00 zł;6 749,60 zł
14.05.2025;Banany;11 138,00 zł;7 573,80 zł
2.01.2025;Ziemniaki;811,00 zł;397,40 zł
17.03.2025;Pomarańcze;622,00 zł;230,10 zł
19.05.2025;Marchew;3 360,00 zł;2 083,20 zł
18.02.2025;Pomarańcze;5 276,00 zł;1 688,30 zł
22.08.2025;Pomidory;5 578,00 zł;2 398,50 zł
15.02.2025;Jabłka;3 118,00 zł;2 245,00 zł
5.09.2025;Jabłka;10 161,00 zł;7 722,40 zł
25.01.2025;Banany;5 258,00 zł;3 785,80 zł
12.08.2025;Pomidory;8 120,00 zł;5 115,60 zł
27.02.2025;Marchew;4 592,00 zł;3 398,10 zł
31.08.2025;Pomidory;3 909,00 zł;1 211,80 zł
3.07.2025;Pomarańcze;3 419,00 zł;2 735,20 zł
20.10.2025;Ziemniaki;10 181,00 zł;4 276,00 zł
27.01.2025;Ziemniaki;2 737,00 zł;1 669,60 zł
1.01.2025;Banany;1 268,00 zł;684,70 zł
9.12.2025;Ziemniaki;6 385,00 zł;2 809,40 zł
11.02.2025;Marchew;10 975,00 zł;4 609,50 zł
15.10.2025;Pomidory;8 243,00 zł;3 132,30 zł
12.08.2025;Jabłka;3 162,00 zł;1 138,30 zł
24.03.2025;Ziemniaki;9 674,00 zł;4 740,30 zł
16.03.2025;Gruszki;904,00 zł;569,50 zł
23.10.2025;Pomarańcze;4 469,00 zł;1 742,90 zł
